Tweet,Tema,Stance
USER USER prensa tendenciosa de un periodista malintencionado. que habrÃ¡ pasado con la educaciÃ³n en ese paÃ­s ? #abortoesdelito #conabortonotevoto #conmishijosnotemetas #nofueley #noalaideologiadegenero #olacelestelatinoamerica USER USER USER USER,aborto,N
sonrÃ­e siempre ğŸ˜„ hay mil motivos para ser feliz y decirle. ğŸ˜Š URL,aborto,N
hoy las mujeres argentinas somos mÃ¡s libres.,aborto,F
"el niÃ±o por nacer es un ser humano a partir de la concepciÃ³n, y que su vida debe ser respetada",aborto,C
"mainumby, la conozco, y a su madre. por varios meses, feministas pro #abortolegal juntamos plata para acercarles. les faltaba todo. la carita desconcertada y el dolor en los ojos de mainumby no los olvido. vi reflejada en ellos la crueldad anti-derechos. URL",aborto,F
estÃ¡n adoctrinando nenes q no saben ni cÃ³mo se concibe un feto. por favor hablen con los chicos y escuchen lo que dicen. mi primo de 11 aÃ±os le dijo a la madre asesina por estar a favor de la legalizaciÃ³n!!!! vergÃ¼enza y repudio total,aborto,F
"noticia uruguaya; no queremos que todas aborten, queremos que tengan la decisiÃ³n de hacerlo o no sin el riesgo de morir. ğŸ’š URL",aborto,F
"#noabortolibre cada uno tiene derecho a elegir! pero que culpa tiene un pequeÃ±o ser en formaciÃ³n? hay un grupo de personas que anhelamos ser madres, mientras otras quieren librarse de ello!",aborto,C
"no tiÃ±eron la argentina de celeste: se apropiaron del color de la bandera pero aÃšn asÃ las calles son verdes ğŸ’š no serÃ¡ hoy, pero #serÃ¡ley y si algo mÃ¡s sacamos en limpio es que #iglesiayestadoasuntosseparados âœŠğŸ”¥ fuerzağŸ’š",aborto,F
ser custodias de la vida es un privilegio que sÃ³lo las mujeres tienen. Ãmalo y respÃ©talo. URL,aborto,C
justicia social es,aborto,N
"""estamos viviendo una marea verde. necesitamos tener un sÃ­mbolo, algo que nos aglutinara. el paÃ±uelo logrÃ³ lo que todos querÃ­amos"". nelly, una activista argentina ğŸ‡¦ğŸ‡· por el #abortolegal ğŸ’š pÃ­dele al USER que apruebe el #abortolegalyağŸ‘‰ URL URL",aborto,F
paÃ±uelazo jujuy #abortolegalya #jujuy USER URL,aborto,F
duele ver mujeres levantando sus puÃ±os para que se apruebe la muerte de seres humanos indefensos en sus vientres. increÃ­ble tener que proteger a un hijo/a del ataque mortal de su propia madre.,aborto,C
"#abortolegalya vamos a aclarar los tantos con algunos conceptos de biologÃ­a bÃ¡sica on-line. hay algo que se llama â€œniveles de organizaciÃ³n de la vidaâ€ (o materia, pero acÃ¡ lo voy a resumir) y explica justamente cÃ³mo el termino vida se organiza:",aborto,F
gran final ğŸ’š URL,aborto,N
"argentina es (sigue siendo) pro-clandestinidad ğŸ’™ felicitaciones ""2 vidas"" ahora los Ãºnicos que van a ser llamados asesinxs son uds, responsables de cada cuerpo gestante muertx en la clandestinidad. festejen la muerte por ahora porque ya despertamos y âœŠğŸ’š",aborto,F
.USER con el paÃ±uelo de la USER en #100diasparaenamorarse ğŸ’šâœŠ USER ğŸ’š URL,aborto,F
por fin alguien puso huevo y se animÃ³ a decir lo que piensa en los,aborto,N
"#sialavida cada gesto cuenta... madre, tu don es dar vida. que no nos quiten ese derecho! respetemos la vida desde la concepciÃ³n! URL",aborto,C
ser custodio de la vida es un privilegio que sÃ³lo las mujeres tienen. Ãmalo y respÃ©talo. URL,aborto,C
"""defiendan la vida, carajo. acÃ¡ no se respeta ninguna ley"". completamente sacado, uno de los manifestantes a favor del aborto clandestino lanzÃ³ amenazas en magra protesta frente a la quinta de olivos. impotencia porque saben que el aborto legal #serÃ¡ley. URL URL",aborto,F
"USER Â¡muchas gracias, gladys! ğŸ‘ğŸ¼ğŸ’š",aborto,N
es imparable!!!! esa alegria que se viviÃ³ es incomparable. mÃ¡s cerca de que el #abortolegal sea una realidad para todas las mujeres ğŸ’šğŸ’šğŸ’šğŸ’š #abortoseraley ğŸ’ªğŸ’ªğŸ˜€ğŸ˜€ğŸ˜€ URL,aborto,F
no te pierdas la ediciÃ³n de este martes de USER con la entrevista que USER y USER le hicieron a USER hablando de #polÃ­tica y #actualidad y luego la nota al dr marcelo dominguez sobre el proyecto de URL,aborto,N
capacidades diferentes: aborto y humanidad comÃºn URL vÃ­a USER #noalaborto ni a la despenalizaciÃ³n de los mÃ©dicos/paramÃ©dicos que lo practican ilegalmente USER USER USER USER USER USER,aborto,C
#abortolegal kirchnerismo: gobierno â€œprogresistaâ€. en 12 aÃ±os de mayorÃ­a absoluta en ambas cÃ¡maras. nunca quiso tratar el tema. cambiemos: gobierno â€œderechistaâ€. propone abordar el tema y deja en libertad de acciÃ³n a sus diputados y senadores. agiten paÃ±uelos verdes y amarillos.,aborto,F
"""la vida de una criatura vale mÃ¡s que cualquier cosaâ€ james rodrÃ­guez URL",aborto,C
"ella es USER , diputada de evoluciÃ³n. como dijo cuando logramos la media sanciÃ³n del #abortolegal, ""llegar a debatirlo no es una conquista, la audacia es poder aprobarlo"" senadores, ğŸ’š URL",aborto,F
#noabortolibre no seremos cÃ“mplices de homicidios . URL,aborto,C
este martes 26j habrÃ¡ paÃ±uelazos en todo el paÃ­s. USER dijo que las provincias del interior estÃ¡n en contra del #abortolegal. vamos a demostrarle que esta marea es imparable. #serÃ¡ley en el congreso: URL,aborto,F
los catolicos se quejan de q si el aborto es gratuito lo van a tener q pagar con sus impuestos perdoname yo con mis impuestos sigo pagando subcidios a tu iglesia que lo unico que promueve es el odio hacia mi genero y sexualidad,aborto,F
"you so fucking precious when you ğŸ’šğŸ’šğŸ’šğŸ’šğŸ’šğŸ’šğŸ’šğŸ’šğŸ’šğŸ’š ğŸ’š estas a favor del ğŸ’š ğŸ’š aborto legal, seguro ğŸ’š ğŸ’š y gratuitoğŸ’š ğŸ’š ğŸ’šğŸ’šğŸ’šğŸ’šğŸ’šğŸ’šğŸ’šğŸ’šğŸ’šğŸ’š",aborto,F
gran noticia hoy - el #senado de #argentina rechaza el #aborto en una URL,aborto,C
USER #25m marchamos a favor de la vida de la madre y su bebÃ‰ ğŸ‘‰ğŸ¤°ğŸ’• URL,aborto,C
"Â¿quÃ© tan forro, cÃ­nico y/o pelotudo tenÃ©s que ser para ""marchar por la vida"" obligando a gente a morir por practicarse un aborto en condiciones inseguras? el #sialavida se lo pueden meter en el orto: aborto legal, seguro y gratuito ya.",aborto,F
"cuando abortas, no abortas un niÃ±o abortas una familia. USER URL",aborto,C
"desde hoy nuestro comitÃ© de la USER estarÃ¡ de verde, esperando el tratamiento el 8 de agosto de la ley de interrupciÃ³n voluntaria del embarazo en el senado! que orgullo! URL",aborto,F
-Â¿quÃ© queremos? URL,aborto,N
"Â¿esperan que alguien se crea que #abortolegalesvida ? miren la foto a ver si les parece vida. feminazis, hÃ¡ganse cargo: se cagan en la vida. y la gente ya estÃ¡ despertando. URL",aborto,C
"USER USER USER no respondio la pregunta, no respondio la pregunta. es facil opinar sobre la vida de otros, pero si fuera tu hija. al contrario aqui no hay doble moral, estamos a favor del aborto y punto.",aborto,F
"muriel santa ana defendiÃ³ el #abortolegal, seguro y gratuito en el congreso: ""llevarÃ¡n sobre sus espaldas a las muertas por abortos clandestinos"" URL",aborto,F
"""este es el siglo de los derechos de las mujeres"". #argentina ha dado un paso histÃ³rico: el proyecto de #abortolegal ha sido aprobado en la cÃ¡mara de diputados. URL",aborto,F
exacto! URL,aborto,N
"hay un chip anticonceptivo que tiene una enorme efectividad y pocos efectos contrarios que hoy x hoy se implanta gratis en las salitas de barrio y en lugar d fomentar su uso los asesinos quieren #abortolegal? cuando sos hijo de puta, sos hijo de puta.",aborto,C
lo mejor que van a ver hoyğŸ‘ URL,aborto,N
"seguimos al frente de la embajada de argentina en bogotÃ¡, colombia ğŸ’šğŸ’›ğŸ’šğŸ’› el embarazo serÃ¡ deseado o no serÃ¡! USER USER #argentina URL",aborto,F
USER vamos que todavia falta que vaya al senado . y rezando no solucionamos nada hay que ser mas revolucionarios . sin curas en el escenario vamos a lograr que la ley no se apruebe . soy ateo y le digo no al aborto ğŸ’™,aborto,C
a un aÃ±o de la aprobaciÃ³n en el tc del aborto en tres causales. las feministas seguimos avanzando en el #abortolegal y hoy se presenta un proyecto para su despenalizaciÃ³n hasta las 14 semanas. desde diversas organizaciones sociales decimos fuerte y claro,aborto,F
"#yovotoabortolegal porque no todxs tenemos como proyecto ser madres. no te obligo a abortar, no me obligues a parir.",aborto,F
"banco fuerte el derecho al aborto y la lucha feminista #abortolegalya ğŸ’ª educaciÃ³n sexual para decidir; pastillas para no abortar; aborto legal, seguro y gratuito para no morir! URL",aborto,F
"tras el rechazo en el senado del proyecto de ive, la clandestinidad del aborto sigue matando mujeres. entrevistamos a ana paula fagioli medica generalista integrante de la USER URL #abortolegalya URL",aborto,F
"todxs lxs ""pro-vida"" son mujeres menopÃ¡usicas, hombres de mÃ¡s de 60 aÃ±os y religiosxs. dÃ©jenos en paz!!! ğŸ’š",aborto,F
"que nadie se deje llevar por la cultura de la derrota. Â¡bravo, chicas! Â¡ustedes han levantado alto el honor y la dignidad de las mujeres argentinas! Â¡nadie podrÃ¡ parar a la oleada de la nueva generaciÃ³n! Â¡#serÃ¡ley! Â¡habrÃ¡ ley contra viento y marea! URL",aborto,F
en el #congreso diciendo #sialavida #salvamoslas2vidas USER URL,aborto,C
"porque no es lo mismo ganar de cualquier forma que ganar jugando bien. que gane la vida, hay mejores formas de que gane la mujer y no es con el : URL",aborto,C
somos historia!,aborto,N
muchas gracias. URL,aborto,N
"escuchen a dos ministros de salud. es la verdad,son unos segundos. no se lo pierdan. #seraley ğŸ‘‡ğŸ»ğŸ‘‡ğŸ»ğŸ‘‡ğŸ»ğŸ‘‡ğŸ» URL",aborto,F
seremos millones URL,aborto,N
voy a llorar. de tristeza o de emociÃ³n pero voy a llorar. mucho. espero sea de alegrÃ­a. el movimiento de mujeres se lo merece,aborto,F
san miguel de tucumÃ¡n tiene un movimiento feminista enorme que resiste y pide por el aborto legal seguro y gratuito URL,aborto,F
"en la conferencia conjunta con macri, rajoy se negÃ³ a evaluar los resultados de la legalizaciÃ³n del aborto en espaÃ±a. como Ã©l estÃ¡ en contra y los resultados han sido positivos, no le conviene mencionarlos.",aborto,F
desde mÃ©xico abrazamos la lucha de nuestras hermanas argentinas. por nuestra vida y nuestra autonomÃ­a URL,aborto,F
"esta cuenta apoya fuerte la campaÃ±a por el #abortolegalya porque en la mitad de las provincias de #argentina los abortos clandestinos son la principal causa de mortalidad materna y porque las mujeres son las Ãºnicas que pueden decidir si quieren ser madres, cuÃ¡ndo y cÃ³mo.",aborto,F
you so fucking precious when you ğŸ’šğŸ’šğŸ’šğŸ’šğŸ’š ğŸ’š apoyas ğŸ’š ğŸ’š el aborto ğŸ’š ğŸ’š legal seguro ğŸ’š ğŸ’š y gratuito ğŸ’š ğŸ’š ğŸ’š ğŸ’š ğŸ’š ğŸ’š,aborto,F
"el domingo 10/6 estaremos en todas las iglesias teniendo un tiempo de oraciÃ³n. pedimos que puedan dedicar en algÃºn momento del servicio del dÃ­a domingo, un tiempo de ruego e intercesiÃ³n a dios para que la vida prime en el congreso y en toda la repÃºblica argentina. URL",aborto,C
"""el art 19 de la constituciÃ³n nacional es muy claro: las acciones privadas de los hombres que de ningÃºn modo ofendan la moral pÃºblica, ni perjudiquen a terceros... acÃ¡ sÃ­ hay un tercero: el niÃ±o por nacer"" URL",aborto,C
"""las mujeres pobres abortan"" falso. las mujeres de los barrios quieren salir de la pobreza, no matar a sus hijos. si se diseÃ±an polÃ­ticas que acompaÃ±en a la mama, hasta los indicadores mas terribles se revierten. asi lo hacemos en san miguel. #sialasdosvidas USER",aborto,C
"#michettienml #abortolegalya #abortoensenadoya votar no, no es impedir que los abortos continÃºen sino que sigan siendo clandestinos legalizar no es obligar sino generar equidad y justicia social USER URL",aborto,F
"el miercoles 13 de junio llenamos las plazas de todo el paÃ­s en el vigilia por el aborto legal, seguro y gratuito ! luchÃ¡ por vos ! URL",aborto,F
"en su show en mendoza, aristimuÃ±o se puso el paÃ±uelo verde y pidiÃ³ por el ğŸ’š URL",aborto,F
listos para entrarle con todo.!! URL,aborto,N
"no es cuestiÃ³n de moral, ni religiÃ³n. cuando hablamos de personas muertas en una clÃ­nica clandestina, hablamos de una cuestiÃ³n de pura salud pÃºblica.",aborto,F
ya lo dijo USER: - educaciÃ³n sexual para decidir; - anticonceptivos para no abortar; - aborto legal para no morir.,aborto,F
"esto es falso. se puede modificar por ley porque es una ley la que dice cÃ³mo interpretar la convenciÃ³n. rango constitucional tiene la convenciÃ³n, no la ley de interpretaciÃ³n. URL",aborto,N
somos muchos URL,aborto,N
"me parece que el aborto bajo 3 causales era necesario y Ãºtil para muchas chilenas,pero el #abortolibre es simplemente darse un gusto las mujeres,mostrar empoderamiento,y los polÃ­ticos aprovechar estas circunstancias para subir en encuestas y apoyo popular.",aborto,C
#bahiablanca quiere #abortolegalya #quesealey USER URL,aborto,F
USER #sialasdosvidas gracias alfredo!!! ğŸ™ğŸ» x usted!!!,aborto,C
la lucha por nuestros derechos reproductivos continÃºa en toda amÃ©rica latina: presentaron en chile una mociÃ³n para despenalizar el aborto. URL,aborto,F
somos el grito de las que ya no tienen voz URL,aborto,N
las paredes del #8a. fotos USER URL,aborto,N
USER USER el voto provida nos representa y debe ser respetado.,aborto,C
"lloro, lloro de emociÃ³n.",aborto,N
10:30. congreso.. URL,aborto,N
"#8a, seamos millones en las calles por el! URL",aborto,N
"a mis compaÃ±eras argentinas luchando en un dÃ­a histÃ³rico como hoy, les mando todo mi ğŸ’š desde mÃ©xico; ustedes han sembrado un bosque y que nos ha devuelto el aliento para seguir luchando por nuestro derecho a vivir, latinoamerica serÃ¡ toda feminista URL",aborto,F
mirala quÃ© orgullosa posa junto a sus medallas pokÃ©mon de kanto. URL,aborto,N
"en santiago del estero, dÃ³nde obligaron a marchar a niÃ±xs con paÃ±uelos celestes, muriÃ³ en febrero marÃ­a campos x complicaciones de un aborto clandestino. tenÃ­a 37aÃ±os y 5 hijxs. el fundamentalismo religioso empuja a las mujeres a la muerte. URL",aborto,F
"capaz ahÃ­ quedÃ³ mÃ¡s claro. soy adoptada y estoy a favor del aborto legal, seguro y gratuito.",aborto,F
somos abogadas por el #abortolegalya y nos convocamos el 9 de mayo para hacer una intervenciÃ³n fotografica. mÃ¡s voces se suman al debate por la autonomÃ­a de nuestros cuerpos. URL,aborto,F
"alita en las calles, en mal estado, con hambre, con una pata deforme de nacimiento. alita en su casa, recuperada, felizğŸ’ sumate vos tambiÃ©n a cambiar vidasğŸ‘‰URL URL",aborto,N
es por todas. el 8 de agosto ğŸ’š URL,aborto,N
dejo esto x aca.... URL,aborto,N
"mientras estan firmando cineastas me llega el mensaje: "" somos 250 bailarinas por #abortolegalya Â¿cuando podemos juntarnos ahi para firmar""?",aborto,F
"hoy encendimos la luz verde del #abortolegalya en el congreso. sepanlo, legisladoras, legisladores. llegÃ³ la hora. y es muestra hora, ya URL",aborto,F
felicitaciones a los peruanos valientes que hoy fueron frente a la embajada de argentina en lima a manifestar su apoyo al pueblo argentino en defensa de la vida del niÃ±o por nacer. #salvemoslas2vidas #sialasdosvidas Â¡si a la vida! Â¡no al aborto! URL,aborto,C
"estoy llorando, aplausos para esta mujer, entendiÃ“ todo URL",aborto,N
los que pugnan por legalizar el aborto no hablan de las terribles consecuencias emocionales de las mujeres que lo han practicado. son heridas en el alma que sÃ³lo jesÃºs puede sanar.,aborto,C
Â¿desde cuÃ¡ndo alguien tiene que demostrar que ya creciÃ³ lo suficiente para que no maten? #sÃ­alavida #laregladelosdos USER USER USER USER USER,aborto,C
la discusiÃ³n por el aborto legal a la tv? queremos ! #abortolegal y #gratuito. vamos las pibas que conquistan espacios en #intrusos USER USER USER / vamos USER con el compromiso ğŸ‘‡ğŸ½ URL,aborto,F
"#sÃ­alavida de todas las mujeres pobres, trabajadoras, adolescentes, sin recursos que mueren cada aÃ±o a causa de la clandestinidad del aborto, que solo interesa a los que hacen negocio con nuestra salud... y a la iglesia.",aborto,F
por todas mis amigas y conocidas que tuvieron que dejar el colegio por un embarazo. porque la maternidad no deberia ser un castigo.,aborto,F
"la abogada celeste braga beatove aporto aporta a favor del #abortolegal ""honrar a belÃ©n significa garantizar que nunca mÃ¡s una mujer va a ir presa cuando decida interrumpir un embarazo"" cada vez tenemos mas motivos para decir #niunamenos por clandestinidad! URL",aborto,F
"estamos todos haciendo la lista de los diputados que nunca jamÃ¡s en la vida vamos a votar en absolutamente nada, no?",aborto,N
"jaaaaa dÃ³nde cumpliÃ³ (?).. ni lo del 2015 cumpliÃ³..."" el loco es ingeniero"" con esa frase, mÃ¡s las inundaciones...se me viene a la mente â–¶ï¸#abortolegalya â—€ï¸ URL",aborto,F
cada muerte de una mujer por un aborto clandestino es responsabilidad de los 38 senadores que dilapidaron la oportunidad histÃ³rica de aprobar el URL,aborto,F
USER USER USER USER USER vamos que se puedeeee!!! #rechazototalenelsenado,aborto,N
"USER USER en nada, solo estarias divirtiendote del show, ganarias un poco de dinerillo extra, ayudarias a una causa y informarias sobre el tema que esta en el tapete",aborto,N
#noabortolibre porque argentina ya nos demostrÃ³ lo falto de lÃ³gica que es pensar que con matar a alguien se solucionan problemas de salud. URL,aborto,C
que el USER se asome y mire las calles!! esto es sÃ³lo av callao. estÃ¡n igual de repletas la av de mayo y la av 9 de julio. ğŸ’œğŸ’šğŸ’œ #estamoshaciendohistoria aunque lxs senadorxs pretendan q sigamos en el medioevo mÃ¡s temprano q tarde el URL,aborto,F
en los USER siguen ignorando que USER cada vez atrae mÃ¡s a una parte del electorado de derechas. para las elecciones europeas nos dan casi un 5 % de votos y 3 escaÃ±os. URL,aborto,N
"si no quiere tener hijo no se embarace, asÃ­ no tiene q abortar... o sino q salga de su bolsillo... ridicules...",aborto,C
las paredes andan diciendo ğŸ’šğŸ”¥ URL,aborto,N
maÃ±ana martes verde por el. URL,aborto,F
USER desde #rosario en la facu de humanidades seguimos bancando lxs trapxs! URL,aborto,N
#abortolegalya âœŠ el gobierno puso en agenda el debate sobre el derecho al aborto ğŸ‘‰ en #alosbotes hablamos con todos los espacios polÃ­ticos: URL,aborto,F
"en #mendoza nos juntamos a partir de las 16 h en plaza independencia y hacemos #vigiliaverde por #abortolegalya, porque el #13j es dÃ­a para estar en la calle y exigir a lxs legisladorxes que URL",aborto,F
"todos los pro clandestinidad dicen que fracasaron, entonces dedÃquense a otra cosa.",aborto,F
"USER ""la mujer tiene derecho a decidir sobre su propio cuerpo"",podrÃ­an ser mas originales y variar el argumento, no?ğŸ˜°",aborto,C
"â€œÂ¿cÃ³mo voy a discutir yo con mujeres el tema de la libre disposiciÃ³n de su cuerpo?"", preguntÃ³ el senador marcelo fuentes. votÃ³ por el sÃ al URL",aborto,F
"no mÃ¡s mujeres obligadas a parir, no mÃ¡s presas por decidir, ni una muerta mas por abortar!#abortolegalya URL",aborto,F
porque olmedo siempre puede ser mas nefasto. USER USER USER USER USER USER USER URL,aborto,N
"â€œÂ¿acaso mi cuerpo sirve solo para concebir?â€, interroga carolina comarelas. porque ser mujer es mucho mÃ¡s que ser madre. deseos. cuidados. autonomÃ­a. de eso se trata #abortolegal ğŸ’ªğŸ»ğŸ’š URL",aborto,F
buenas noches USER URL,aborto,N
hay 2 tipos de adolescentes: quienes forman parte del montÃ³n y quienes quieren cambiar el mundo. aquÃ­ un ejemplo del 2do grupo. el mundo es un lugar menos horrible gracias a ellas. mis respetos a y admiraciÃ³n a las jÃ³venes luchadoras!! URL,aborto,N
"#argentina muriÃ³ liz, una joven de 24 aÃ±os que habÃ­a sido ingresado en estado grave en un hospital de la provincia de buenos aires. es otra vÃ­ctima del #abortoclandestino, la segunda en una semana. URL",aborto,F
"hoy vino al congreso USER para encontrarse con artistas, diputadas y diputados que apoyamos el #abortolegalya. 8m URL",aborto,F
jesucristo vino para que tengamos vida y vida en abundancia.- USER,aborto,C
"USER ğŸ™‹ el horario de finalizaciÃ³n de la misma, jamÃ¡s serÃ¡ negociado..!!!",aborto,N
"USER USER USER asÃ­ con la defensora de la niÃ±ez, promoviendo el aborto libre y el asesinato de niÃ±os inocentes e indefensos",aborto,C
"se lo aprendÃ­ a las argentinas y ahora lo enseÃ±o en mi clase: educaciÃ³n sexual para decidir, anticonceptivos para no abortar y aborto legal para no morir. ğŸ’šğŸ’šğŸ’š Â¡viva el paÃ±uelo verde!",aborto,F
"""no son pro vidas, son anti mujeres"" george carlin... veanlo, es muy elocuente para tratar un tema que es tabÃº el discurso de los ""pro vida"" visto del lado del sarcasmo, en los 90' #abortolegalya #queelabortosealey parte 1 URL",aborto,F
que decir aborto suene a legal y que no sea un pecado mortal Â¡que no se quede mi pueblo dormido! #abortolegalya â™¥ï¸ğŸ™ŒğŸ¼ URL,aborto,F
"hoy las mujeres que trabajamos en marketing, comunicaciÃ³n y publicidad pedimos #abortolegalya en argentina. Â¡sumate con tu mensaje y sumÃ¡ a otras colegas! educaciÃ³n sexual para decidir, anticonceptivos para no abortar, aborto legar para no morir. URL",aborto,F
"argentina tiene que avanzar! el aborto existiÃ³ siempre! basta de muertes en la clandestinidad! un paÃ­s con mejor educaciÃ³n sexual, y leyes que protejan a sus ciudadanos, va a ser un mejor paÃ­s! no retrocedamos! avancemos!",aborto,F
miren la marea verde ayer en cÃ³rdoba en el festival y vigilia organizado por la USER ğŸ’š Â¿en serio piensan que nos pueden parar? ahora que si nos ven el URL,aborto,F
"soy madre, no abortaria. pero, si estoy a favor de la legalizaciÃ“n. de eso se trata. de mirar mÃ¡s alla de tu ombligo.",aborto,F
mtv argentina a favor del ğŸ’š URL,aborto,F
quÃ© gracioso que en la marcha por el #abortolegalya no habÃ­a nadie normal. todas gordas lesbianas cara de orto flequillo teÃ±ido recto piercings tachas que en su puta vida van a quedar embarazadas.,aborto,C
"el peor genocidio de la historia es el #aborto legal o ilegal, millones de niÃ±os son sacrificados en clÃ­nicas legales o clandestinas, por eso gritamos alto y claro: URL",aborto,C
"celestes o verdes, todos coincidimos en que ninguna mujer quiere llegar a 1 aborto #sexualidadresponsable y #anticoncepciÃ³n son 1 buen comienzo. en el grafico estÃ¡n los lugares a los q te podÃ©s acercar si fallaron. URL",aborto,N
"para q baje la tasa de mortalidad de gestantes en mano de abortos clandestinos, para poder decidir sobre mi cuerpo sin ser humilladx previamente, xq el anticonceptivo fallo y no estoy preparadx para unx hijx, por esto pedimos #abortolegalya en todos los hospitales",aborto,F
"si marchan en contra del aborto, no estan marchando a favor de la vida, estan marchando para que las mujeres sigan muriendo por los abortos clandestinos, asi que ""pro vida"" las pelotas",aborto,F
luchadoras contra el sistema de castas de la india tambien gritan URL,aborto,N
"los abogados y judiciales seremos la reserva frente a la perversa negociaciÃ³n polÃ­tica , el derecho a la vida no morirÃ¡ jamÃ¡s",aborto,C
"como liberal, y defensa irrestricta a la vida humana, esta es la base de mi postura para no apoyar el aborto libre. URL",aborto,C
"cavani, cannabis y abortolegal. el paraÃ­so se llama uruguay.",aborto,F
"orgulloso de formar parte de #cambiemos, un espacio donde podemos disentir y seguir trabajando juntos. hace un rato, un grupo nutrido de funcionarios y legisladores nos manifestamos a favor de la despenalizaciÃ³n del aborto en nuestro paÃ­s. URL",aborto,F
"es un buen momento de cambiar las palabras. los tradicionales grupos ""pro-vida"" han sido cÃ³mplices de los abortos clandestinos y miles de muertes. los que apoyan el #abortolegalya no quieren mÃ¡s muertes. se basan en la evidencia cientÃ­fica y en recomendaciÃ³n de USER ğŸ’š",aborto,F
"decenas de miles de mujeres, hombres y niÃ±os en cientos de ciudades argentinas dando una conmovedora muestra a favor del derecho a la vida de los niÃ±os por nacer. abordemos el problema de los embarazos no deseados pero con soluciones que preserven todas las vidas. URL",aborto,C
"""cÃ³mo es y quiÃ©nes habitan el laboratorio de santa fe que produce el medicamento protagonista del debate por la ley ive: el misoprostol"". (nota de arlen buchara). URL",aborto,N
"#unboxing | #abortolegal dejÃ©moslo claro: el aborto no es una cuestiÃ³n moral, es una cuestiÃ³n de derechos humanos. ve y rt el segundo video de #unboxing con USER â© URL URL",aborto,F
"si se legaliza el aborto y se financia con fondos pÃºblicos, me obligarÃ­a a pagar con mis impuestos una prÃ¡ctica que va en contra de mis mÃ¡s profundos valores humanos.",aborto,C
"me pareciÃ³ excelente el nuevo vÃ­deo de mica suÃ¡rez y que apesar de los comentarios negativos que vaya a recibir de la gente que ve su contenido, haya sido fiel a sus convicciones!",aborto,N
"gracias a juventud radical, juventud pro, la cÃ¡mpora, franja morada, mnr, juventud socialista, moviento sur, juventud ptp , nuevo encuentro, secundarios ues y toda la juventud argentina que pide por mÃ¡s salud pÃºblica #abortolegalya compromiso y unidad por mÃ¡s derechos ğŸ’ª URL",aborto,F
las pibas ejemplo a seguir #apostasiacolectiva #estadolaicoya #seraley #abortolegalya mÃ¡s info USER,aborto,F
leer los argumentos de lxs pro vida chilenis es como ver a tu amigx volao hablando del significado de la vida. puras weas sin sentido,aborto,F
"el borromeo haciendo historia, URL",aborto,N
"marcha por la vida, por la polÃ­tica del desarme que puede salvar millones de vidas, hoy en las puertas de USER URL",aborto,N
"a pesar, de vos de mÃ­, de cualquiera, hay abortos clandestinos. una realidad en salud. quÃ© hacemos, miramos para otro lado?",aborto,F
eres una mujer valiente puedes seguir adelante y disfrutar de este hijo.,aborto,C
"campaÃ±a ""rompiendo el silencio"" se desarrolla en el frontis de nuestra iglesia el obrero - sullana ""b"" con la participaciÃ³n de la ciudadanÃ­a URL",aborto,N
"no es aborto sÃ­ o aborto no. es legal o clandestino. que lxs senadorxs estÃ©n a la altura de la historia y voten por la legalizaciÃ³n, que voten por mÃ¡s derechos para nosotras. #abortolegalya âœŠğŸ¼ğŸ’š dibujo de USER âœğŸ¼ URL",aborto,F
"la USER es federal! no solo la presencia se demostrÃ³ con los paÃ±uelazos en todos los rincones del pais, sino tambiÃ©n con las vigilias multitudinarias el 13 y 14. ni somos ""el interior"" ni somos antiderechos",aborto,F
venÃ­ USER venÃ­ mirÃ¡ğŸ’š vamos por el #abortoensenadoya #serÃ¡ley âœŠğŸ¼ USER USER URL,aborto,F
"a los proaborto les pido mayor consecuencia: deben usar paÃ±uelo rojo en vez de verde, porque cuando se aborta lo que hay y sobra es sangre.",aborto,C
[argentina] multitudinaria marcha por la vida y contra el aborto. [fotos y videos] URL vÃ­a USER #sÃ­alavida #noalaborto [perÃº] pronto. Ãšnete sÃ¡bado 5 de mayo 3pm. informaciÃ³n URL,aborto,C
"fue muy doloroso el pasado de tonio, pasÃ³ por mucho.pero hoy tonio es feliz ğŸ˜ŠğŸ’™ sumate a cambiar vidas como la de tonio: URL ğŸ’ğŸ¾ #sialavida #adoptanocompres #noabandones #noalmaltrato #noalascarrerasdegalgos #galgoslove #galgo #tonio #campito #camperitos URL",aborto,N
"para que se deje de hacer en lugares clandestinos, para que no sea exclusivo de quienes pueden pagarlo, para que no mueran mÃ¡s mujeres, para empezar a separar al estado de la iglesia y porque lo piden millones de mujeres",aborto,F
hay luchas por la libertad y hay luchas por la igualdad. la causa del #abortolegal las reÃºne como pocas.,aborto,F
#palabrasemanal â€œdefendamos las dos vidasâ€ leer aquÃ­: URL #sÃ­alasdosvidas URL,aborto,C
"definitorio hace 3 hs. el senador romero se expidiÃ³ pÃºblicamente y sumÃ³ su voto al no #abortolegal logrando asÃ­ sumar 36 votos contra 32 x el si, y aunque falten decidirse alperovich y perotti. lucila crexell, se abstiene. difundir por favor. gracias URL",aborto,N
ahora y siempre URL,aborto,N
el argumento de quienes piden #abortolegalya refutado en 30 segundos por USER URL,aborto,C
el cardenal dolan de nueva york pide al movimiento provida no rendirse nunca ante la cultura del #aborto. USER URL,aborto,C
#sialavida en todas sus expresiones,aborto,C
USER que bueno que se la juegan!! #cuidemoslas2vidas ğŸ’ªğŸ»ğŸ¤±ğŸ»#cuidemoslasdosvidas,aborto,C
no se pueden casar y se opusieron al divorcio. no pueden fornicar y se opusieron a la entrega gratuita de preservativos. no pueden embarazarse y se oponen al #abortolegal. Â¿como es posible q los obispos y la iglesia catÃ³lica tengan voz y voto en este debate?,aborto,F
me mandan esto desde #argentinaabortolibre les invito a comprobarlo. URL,aborto,N
los argumentos en contra del #abortolegal alcanzaron un nivel tan caricaturesco e insostenible que quienes todavÃ­a no tienen una opiniÃ³n formada creen que los inventamos los que estamos a favor.,aborto,F
pino hablÃ³ del goce. URL,aborto,N
excelente noticia! URL,aborto,N
"a favor del aborto legal, seguro y gratuito: en la senda histÃ“rica de nuestro partido. leÃ© el comunicado completo acÃ¡: URL #abortolegalya URL",aborto,F
el debate no es aborto sÃ­ o aborto no. el debate es aborto legal o aborto clandestino. aborto seguro o aborto en condiciones de riesgo. aborto gratuito o aborto como negocio para los que lucran con la clandestinidad. URL,aborto,F
USER USER vamos chile defiende a tus hijos.,aborto,C
con esta contundencia y sororidad terminÃ³ hoy su primer encuentro en argentina URL,aborto,N
#noabortolibre yo como joven con discapacidad estoy en contra del aborto si a la vida,aborto,C
no te creas con derecho a bajar los brazos. ellas (y otras mÃ¡s) nos trajeron hasta acÃ¡. por las pibas que vienen. ğŸ’šğŸ’ªâœŠ URL,aborto,F
estoy en condiciones de afirmar la ley del aborto sera rechazada por 10 votos nadie indeciso lo q influyo marcha multitudinaria d domingo en todo el pais por #sialavida toma de colegios d los abortistas y amenazas a diputados sepan perder no hacer quilombo es democracia besito,aborto,C
#abortosesionhistorica #abortolegalya #abortolegal #abortoseraley q u e s e a l e y,aborto,F
"al menos me resulta un oxÃ­moron que cuando se estÃ¡ debatiendo #abortolegal, se fogonee la #leydetrombofilia, rechazada por las sociedades cientÃ­ficas",aborto,N
"#chilesepintadeverde hablame de sororidad sin fronteras, hermana. Â¡esto pasa ahora en santiago de chile porque #nobastan3causales y porque lograremos #abortolegalğŸ’š en toda amÃ©ricalatina y el caribe! USER USER URL",aborto,F
"ayer en USER la ecofeminita USER mostrÃ³ por primera vez una caja de misoprostol en la televisiÃ³n de nuestro paÃ­s, ademÃ¡s de recorrer diversos datos sobre aborto. aquÃ­ pueden reveerlo y tener mÃ¡s argumentos para pedir por el ğŸ’š URL",aborto,F
"Â¿cÃ³mo es posible que el ical promueva como ""derecho"" algo que no lo es? #elabortonoesunderecho no existe el derecho a decidir sobre la vida de otro. y si no lo saben...el #abortoesdelito USER USER USER URL",aborto,C
"no abortes nada! siempre hay esperanza. no abortes nada, y menos una vida!",aborto,C
se hacen los chistes solos chiques. URL,aborto,N
las ecofeminitas ya estamos en el congreso por el URL,aborto,F
"por esto mis amigas argentinas estÃ¡n en las calles, por que no puede ser. humanidad por favor! Â¿de verdad le quieres arrebatar la posibilidad de seguir siendo niÃ±a (dentro de lo posible) a una niÃ±a de 10 aÃ±os violada por el padrastro? #basta #abortolegal USER URL",aborto,F
"verde: #abortolegal, naranja: en casos muy particulares, rojo: totalmente prohibido. que tienen en comun los paises verdes? paises desarrollados. que tienen en comun los naranjas y rojos? paises con la mayor tasa de mortalidad infantil. para pensarlo no? URL",aborto,F
"rechazar el #abortolegal implica mantener el aborto clandestino y la penalizaciÃ³n d la mujer!ademÃ¡s es el rechazo a la mejora en la ley d educaciÃ³n sexual y la despenalizaciÃ³n del aborto x incompatibilidad d vida extrauterina como la anancefalia,incluidos en el proyecto!#seraley",aborto,F
"38-31 por el no. ""vamos todavÃ­a"", dijo michetti. no sÃ© si por su alegrÃ­a por el rechazo o porque hace tiempo que tenÃ­a demasiadas ganas de irse a su casa. pÃ©sima conducciÃ³n de la sesiÃ³n de la vicepresidenta. no dio la talla.",aborto,N
los pro-clandestinidad Â¿podrÃ­an dejar de intentar que pensemos distinto? nosotros tambiÃ©n estuvimos en contra de la despenalizaciÃ³n antes de informarnos (por la educaciÃ³n adoctrinada que tenemos) pero es un viaje de ida. cuando empatizas no volves atrÃs!,aborto,F
en #zaragoza nos sumamos al llamamiento de #paÃ±uelazointernacional de USER en #argentinağŸ’š estÃ¡n haciendo historia en su lucha cada vez mÃ¡s masiva por el #abortolegalya y en todo el mundo nos juntamos para gritar que #serÃ¡ley ğŸ’ªğŸ“£ URL,aborto,F
"fans fueron al m&amp;g de halsey con el paÃ±uelo de la campaÃ±a y le hablaron sobre nuestra lucha. halsey, quien sufriÃ³ un aborto espontÃ¡neo, pidiÃ³ sacarse una segunda foto con el paÃ±uelo porque cree importante apoyar la causa. se trata de empatÃ­a. #abortolegalyağŸ’š USER URL",aborto,F
"la via la abrimos nosotras, la luz verde la prendiÃ³ nuestro paÃ±uelo URL",aborto,F
nos manifestamos a favor del derecho a la vida de todos esos bebÃ©s que van a asesinar argumentando libre elecciÃ³n. #sialavida #noalaborto USER URL,aborto,C
"antes de sus shows en el cck, patti smith apoyÃ³ el #abortolegal y hablÃ³ de los abusos en el rock. URL URL",aborto,F
"y seguiremos estando, en todos lados...para recordarles a los #senadorespercha que mÃ¡s temprano que tarde #seraley USER USER URL",aborto,F
el gobierno durmiÃ³ la pelota pero llegÃ³ un movimiento del peronismo de la pampa que parece que dio vuelta la votaciÃ³n a favor del #abortolegalya. el/los feminismos de la argentina no le va a perdonar al gobierno nacional su inacciÃ³n frente a la posibilidad del rechazo.,aborto,F
"ğŸ’šen dos dÃ­as empieza el tratamiento de la ley de #abortolegal en el senado. acÃ¡ te contamos cÃ³mo serÃ¡ el cronograma hasta llegar a la final del mundial de las pibas, el 8 de agosto: URL",aborto,F
"#nosotrxsnonegociamos porque se trata de un derecho, de nuestra salud, de la soberanÃ­a sobre nuestras cuerpas. y porque queremos que salga ya URL",aborto,F
"maÃ±ana me planto en el congreso. lo que me ayuda, abraza y acompaÃ±a este movimiento no lo puedo explicar en palabras. por todas las que no pueden ni pudieron: ğŸ’šâœŠ",aborto,F
ecografÃ­a ahora en #congreso. me van a decir que no hay vida? URL,aborto,C
"me gustan las informaciones independientes y objetivas. las que no estÃ¡n sometidas a ningÃºn interÃ©s oculto. monetario, por ejemplo ğŸ‘‰ no a la mina de uranio #stopuranio â˜¢ï¸#sÃ­alavida #salamanca #periodismo #publicidad #titulares berkeley y la USER del #pp !cada vez mÃ¡s solosÂ¡ URL",aborto,N
âœŠğŸ»ğŸ’š #seraleyğŸ’š #8a en congreso. bs as URL,aborto,F
"#8a #abortolegal ""otorguen a las mujeres el derecho a decidir"" | el mensaje de USER para los senadores argentinos URL",aborto,F
|ï¿£ï¿£ï¿£ï¿£ï¿£ï¿£ï¿£ï¿£ï¿£| hoy en argentina maÃ±ana en toda amÃ©rica latina #serÃ¡ley |_____________________| (\__/) || (â€¢ã……â€¢) || / ğŸ’š ã¥,aborto,F
"bravo genias! mÃ¡s allÃ¡ de la aprobaciÃ³n de la ley, con la gran movilizaciÃ³n de las mujeres argentinas por sus derechos, ya ganamos todas! URL",aborto,F
imagino que los de la #marchaporlavida y que estÃ¡n en contra del #abortolegalya habrÃ¡n usado el lunes para adoptar a todos esos niÃ±os que estÃ¡n desamparados Â¿no? Â¿cuantas adopciones fomenta la marcha? Â¿ninguna? Â¿en serio? seria muy hipÃ³crita Â¿no?,aborto,F
"USER en vez de fomentar el asesinato, deberÃ­as promover una educaciÃ³n sexual segura. URL",aborto,C
salvemos todas las vidas. Â¡vamos argentina! ğŸ’ª URL,aborto,C
Â¿quiÃ©nes #sonresponsables de los 41 abortos clandestinos durante esta hora? ellos: USER USER USER USER USER USER USER USER USER USER,aborto,F
#abortolegal USER impecable emocionante #seraley ğŸ’šğŸ’šğŸ’š,aborto,F
"atenciÃ“n corrientes!! la senadora almirÃ³n se pronuncia a favor del aborto legal, pero sus colegas, espÃ­nola USER y braillard poccard siguen negando este derecho. no les den la espalda a las mujeres argentinas, senadores! #abortolegalya el 8/8 todas a la plaza! URL",aborto,F
"hola a todos , gracias por los rt, aÃºn estamos lejos de la meta con los #donativos #juntossomosmas digamos a arianda ğŸ˜€ğŸ˜€ URL",aborto,N
"hoy Ãºltima audiencia de exposiciones en el congreso. hoy USER y USER llevan nuestra voz, la de todas para volver a exigir",aborto,N
"en 2010 las iglesias evangÃ©licas llenaron el obelisco vestidos de naranja pero igual les ganamos y se aprobÃ³ el matrimonio igualitario ğŸŒˆğŸ”¥ si una minorÃ­a pudo ganarles, las mujeres tambiÃ©n les van a ganar a estos oscurantistas.",aborto,F
"el mundo estaba mirando y los senadores argentinos fallaron ğŸ˜¢ al rechazar la legalizaciÃ³n del aborto, perdieron una oportunidad histÃ³rica de ser lÃ­deres en derechos humanos. ğŸ’ªÂ¡la lucha continÃºa! no descansaremos hasta que haya el aborto sea legal ğŸ’š URL",aborto,F
USER lo que sooooooooon ğŸ˜,aborto,N
si a la despenalizaciÃ³n del aborto URL,aborto,F
ni por un instante creamos que estamos solas. ni por un instante dejemos que nos gane el miedo. serÃ¡ ley. gracias falta y resto ğŸ’šğŸ™ #abortolegalya USER USER URL,aborto,F
"#abortolegalya #votenabortolegal #quesealey gracias, USER, por hacer pÃºblica tu posiciÃ³n a favor de la salud de las mujeres. es muy importante. URL",aborto,F
#femstorietas: Â¡explainers para polÃ­ticxs despistadxs! como garantizar derechos de las juventudes: -servicios de salud sexual y reproductiva de calidad -distribuciÃ³n de mÃ©todos anticonceptivos -servidores pÃºblicos capacitadUSER -campaÃ±as para jÃ³venes #abortolegalya en todo mÃ©xico URL,aborto,F
"en santa fe no solo se cumple perfectamente con el protocolo de aborto legal, sino que tambiÃ©n trabajan en la producciÃ³n de misoprostol. y rosario se viste de verde. #abortolegalya âœŠğŸ¼ğŸ’š URL",aborto,F
si los hombres se quedasen embarazados el aborto serÃ­a legal en todo el mundo. URL,aborto,F
recuerda que la vida es un don. #noalaborto #sÃ­alavida #25sÃ­alavida #salvalavida USER USER USER USER USER USER USER USER URL,aborto,C
en piura asi culminamos con la marcha URL,aborto,N
USER USER USER USER USER USER USER USER USER USER USER USER USER USER USER USER USER argentina se une en defensa de las dos vidas!,aborto,C
impactante el vÃ­nculo calle + redes + polÃ­tica en #abortolegalya. es una rÃ©plica amplificada del vÃ­nculo que habÃ­a creado #niunamenos. las redes y el movimento de mujeres se llevan de maravillas. gran ejemplo para investigar cuando termine el agite (y la ley estÃ© aprobada ğŸ˜‰).,aborto,F
"simple, claro, justo. URL",aborto,N
maÃ±ana comienza el debate en el congreso y como hace aÃ±os en las calles las mujeres nos movilizamos por #abortolegalya no queremos ni una menos por aborto clandestino URL,aborto,F
arriba el feminismo que va a vencer! vamos las pibas!! ğŸ’šâœŠğŸ» URL,aborto,F
"el aborto no te libera de ser madre,solo te hace madre de un niÃ±USER muerto!",aborto,C
"ni puta por coger, ni madre por deber, ni presa por abortar, ni muerta por intentar. educaciÃ³n sexual para decidir, anticonceptivos para no abortar, aborto legal para no morir. #eshoy #serÃ¡ley #abortolegalseguroygratuito #sevaacaer #senadoresquesealey ğŸ’šğŸ’šğŸ’š URL",aborto,F
"se dicen provida porque les preocupa la supervivencia de un feto pero les chupa un huevo la cantidad de chicas que pierden la vida en sitios clandestinos. no sos provida, sos un ignorante carente de empatia.",aborto,F
protejamos a quien no tiene voz en este debate y digamos #sialavida #salvemoslas2vidas USER USER USER URL,aborto,C
"san martin de los andes mÃ©dicos, enfermeros y profesionales de la salud del hospital ramÃ³n carillo de la ciudad de san martÃ­n de los andes dicen: #nocuentesconmigo #sialasdosvidas USER USER USER USER USER USER USER URL",aborto,C
en algun lugar de asia con el paÃ±uelo verde...que lo llevo a todas partes y cada dia lo quiero mas URL,aborto,F
"USER USER claudia acuÃ±a das verguenza, muy bajo lo tuyo. hay que aprender a respetar las decisiones de los demas. te felicito maru botana ğŸ‘ğŸ‘ğŸ‘ğŸ‘ somos muchos los que defendemos las dos vidas.",aborto,C
"lo escucho y se me pone la piel de gallina, vamos que es ley ğŸ’šğŸ’ª URL",aborto,F
argentina de pie URL,aborto,N
USER por esto te admiro mucho mucho mucho â¤,aborto,N
ganÃ³ el #sialasdosvidas . hoy tenemos una argentina enriquecida espiritualmente que ratifica su ideario de naciÃ³n por voluntad democrÃ¡tica de su puebloğŸ‡¦ğŸ‡·ğŸ‡¦ğŸ‡·ğŸ‡¦ğŸ‡·,aborto,C
USER USER USER USER allÃ­ el trabajo de padres de familia es fundamental. no pagan colegiatura donde no les respetan.,aborto,N
"toda mujer que quiere abortar, aborta. los que se oponen al aborto sencillamente las condenan al dolor, la inseguridad, la enfermedad e incluso la muerte. las niÃ±as lo tienen mÃ¡s difÃ­cil. a las niÃ±as violadas las obligan a parir. URL",aborto,F
"rt jjssrr901 ""rt culefer: #abortolegalya la despenalizaciÃ³n del aborto no obliga, permite elegir, sin clandestinidad ni criminalizaciÃ³n. #educaciÃ³n sexual para #decidir, anticonceptivos para no abortar y #abortolegal para no morir. â€¦ URL",aborto,F
mÃ¡s de 180 actrices se pronunciaron a travÃ©s de una carta por la despenalizaciÃ³n del aborto. URL,aborto,F
Â¡ milagro suma su voz ! URL,aborto,N
"Â¡los abogados tenemos corazÃ³n! emocionante ponencia de silvia marrama, abogada de entre rÃ­os: â€œentre rÃ­os fue y es una tierra de oportunidades para todos, desde su concepciÃ³n y hasta su muerteâ€ URL",aborto,N
"estamos del lado correcto de la historia. la ampliaciÃ³n de derechos es inevitable, el futuro es feminista. ğŸ’š URL",aborto,F
el aborto es lo opuesto a la salud porque procura directa e intencionalmente la muerte de un ser humano inocente. por eso #noaladespenalizaciondelaborto #noalabortolegal #noalaborto #sialavida #novaresio910 #laredalaire USER URL,aborto,C
ğŸ’šcharla debate en la fce ğŸ’š desde el espacio de gÃ©neros de sumak kawsay recibimos a las representantes de la campaÃ±a nacional por la legalizaciÃ³n del aborto. no dudamos que #serÃ¡ley!!!! sumak kawsay econÃ³micas vicepresidencia de la fulp URL,aborto,F
son tan provida que apuÃ±alan a tres compaÃ±eras en la marcha por el #abortolegal no son provida son antimujeres,aborto,F
esto llega por un chat de mujeres latinoamericanas. paÃ±uelazo en la embajada argentina en guatemala. URL,aborto,N
jamÃ¡s un embriÃ³n de 10 semanas tendrÃ­an tanta sangre en sus arterias..la sangre que mancha esas manos es del Ãºtero de una piba muerta. parte de muchas generaciones de mujeres se murieron por no tener esta ley. edÃºquense URL,aborto,F
"no habrÃ¡ mÃ¡s abortos porque este se legalice, habrÃ¡ menos mujeres muertas. su ilegalidad se lleva a las mujeres pobres. basta de hipocresÃ­a. que estÃ©s a favor o en contra del aborto es un tema tuyo. que mueran 100 mujeres por aÃ±o es un tema de salud pÃºblica",aborto,F
"#felizdiadelnino #cuidemoslas2vidas USER USER que los niÃ±os sean felices, desde su concepciÃ³n",aborto,C
"USER USER acÃ¡ tenÃ©s, las que pidenlegalseguroygratuito y ofrecen ayuda para hacersesclandestinos. les conviene que se inflen las estadÃsticas, no? quÃ© hipocresÃ­a URL",aborto,C
llamado a la guerra abierta. por nicolÃ¡s mÃ¡rquez y agustÃ­n laje URL #sialavida #salvemoslas2vidas #maradona #martesintratable #animalesmundial ganÃ³ argentina,aborto,C
desvelando las falacias del. URL,aborto,N
"hoy en el USER junto a diputadas y las compaÃ±eras de la USER, preparando el segundo tramo de pelea por URL",aborto,N
la movilizaciÃ³n popular tiene que lograr que el #abortolegalya sea realidad y no un show parlamentario para terminar rechazando la ley. el 8 de marzo tenemos que ser centenares de miles.,aborto,F
"#noesley pero pronto #seraley a esperar, fin del tema.",aborto,F
"les pregunto a los que van a votar en contra si van a derogar el aborto legal en caso de violaciÃ³n, uds. defienden la vida desde la concepciÃ³n o desde la concepcion consentida?",aborto,F
he aquÃ­ un claro ejemplo de que se embarazan por la plata.yasindemoras URL,aborto,N
"mamÃ¡ estÃ¡ a favor de la legalizaciÃ³n del aborto, dio la discusiÃ³n y ahora usa lenguaje inclusivo con corazÃ³n verde de #abortolegal ella es todo lo que estÃ¡ bien ğŸ’š hoy es un URL",aborto,F
ğŸ’šğŸ’š esta semana vamos a romper nuestro estricto manual de marca ğŸ§ y vamos a cambiar el color de nuestro logo. ğŸ’šğŸ’š URL,aborto,F
"&lt;--------- tengo 51 aÃ±os me hice un aborto a los 18 aÃ±os en un sucucho en campana, de pedo estoy viva, claro que estoy a favor del",aborto,F
"el #8a sumate a la vigilia en el congreso, en las plazas de todo el paÃ­s y en las embajadas argentinas. la ley la ganamos en la calle!! âœŠğŸ’š #seraley USER URL",aborto,F
provocarle la muerte a un inocente jamas puede constituir un derecho,aborto,C
"estas mujeres lÃºcidas y valientes hablaron hoy en el congreso, representando a mÃ¡s de 400 actrices argentinas. educacion sexual para decidir, anticonceptivos para no abortar, aborto legal para no morir. #abortolegalya USER USER USER URL",aborto,F
estuvimos en el congreso en la 7Âº presentaciÃ³n del proy de interrupciÃ³n voluntaria del embarazo de la USER. fue emocionante encontrarnos con tantas compaÃ±eras de lucha. las mujeres le impusimos la agenda a macri y ahora vamos con todo para hacer realidad URL,aborto,F
quÃ© vergÃ¼enza les senadores radicales: 2 a favor y 9 en contra del #abortolegal. dan pena y asco. para quienes todavÃ­a creen que es un partido moderno y que defiende la ampliaciÃ³n de derechos para las mujeres ahÃ­ tienen: aliÃ¡ndose con lo mÃ¡s retrÃ³grado de la sociedad.,aborto,F
"esto lo ganamos en las calles si a las 7:am estamos todos acÃ¡ estamos convocando a todos y todas lxs que estÃ¡n a favor del #abortolegal, a dar su apoyo pacÃ­ficamente a partir de las 7 am (horario de la votacion) en las puertas del congreso.",aborto,F
ni mÃ©dicos presos por resistirse a abortar ni mujeres victimas de aborto legal o clandestino ni niÃ±os abortados hasta el noveno mes el 8 vamos al congreso. y ahÃ­ nos quedamos. hasta el final. #argentinaesprovida ğŸ’™#noalabortoenargentina URL,aborto,C
"#abortolegalya no estamos a favor del aborto, estamos a favor de la despenalizaciÃ³n, de lasâ€¦ URL",aborto,F
"la vida empieza en el mismo instante de la concepciÃ³n, no cuando lo digan el congreso, los tribunales, los periÃ³dicos, el feminismo, el pensamiento polÃ­ticamente correcto... URL",aborto,C
norita corazÃ³n en el #paÃ±uelazo de las feministas del abya yala ğŸ’š URL,aborto,F
"esto fue cÃ³rdoba anoche despues de la votaciÃ³n, increÃ­ble, emotivo hasta las lagrimas! ğŸ’šğŸ’šğŸ’š #seraley USER USER USER URL",aborto,F
"estÃ¡ lloviendo, hace frÃ­o y no deja de llegar gente a las inmediaciones del congreso â˜”ï¸ senadores y senadoras no pueden ignorar este reclamo por los derechos de las personas gestantes ğŸ’š URL",aborto,F
todo huji y mc â¤ï¸ğŸ¤ğŸ»ğŸ”ğŸŸ (en la ultima foto estaba a punto de llorar porque salÃ­a mal en todas las fotos) URL,aborto,N
simples palabras de un maestro. URL,aborto,N
USER legal o ilegal el aborto mata igual,aborto,C
USER ante el #abortolegal digo ... ğŸ‘‰edÃºcate ğŸ‘‰protÃ©gete ğŸ‘‰sÃ© responsable ğŸ‘‰asume consecuencias y #notansolo pa evitar 1 embarazo sino q pa no contagiarte de ets asi q ademÃ¡s ... ğŸ‘‰no seas promiscua ğŸ‘‰no seas irresponsable y lo +importante aprende q,aborto,C
#abortolegalya para no morir. hoy fue un dÃ­a histÃ³rico para todas con la USER ğŸ’š URL,aborto,F
"chiquis acabo de ver esta foto de fetos abortados, no puedo creer que sea verdad por favor digamos no al aborto, estas guagÃœitas tienen derecho a vivir URL",aborto,C
"se agradece la preocupaciÃ³n de gremios salud por #agendafech y riesgos de aborto, pero es necesario decir que esos riesgos vienen sobre todo de la clandestinidad, por la salud de las mujeres pedimos",aborto,F
los abortos son clandestinos y estan muriendo mujeres. los abortos van a seguir sucediendo aunque vos no los quieras ver! nosotras no queremos que se nos mueran las pibas que no desean ser madres por tu decisiÃ³n de obligarnos a parir! #abortolegal #seraley no nos paran mÃ¡s!!!,aborto,F
educaciÃ³n sexual para decidir anticonceptivos para no abortar aborto legal para no morir URL,aborto,F
otro diputado del siglo xxi: quÃ© alegrÃ­a que USER se haya decidido por las vidas y los derechos de las mujeres! ğŸ’šğŸ’šğŸ’šğŸ’š URL,aborto,F
"si lo que le molesta a la sra. mirtha es el dinero que cuesta, que piense que esas personas que no abortan van a parir y los partos son mas caros!#mesaza URL",aborto,F
"por las que murieron sin poder gritar. por las que gritando igual murieron. por las que morirÃ¡n si no gritan. por las que gritamos para no morir. la lucha es hoy, y cada dÃ­a ğŸ’šâœŠğŸ¼ URL",aborto,F
"excelente, USER. un orgullo de diputada.",aborto,N
"desde #argentina nuestras compaÃ±eras nos envÃ­an este caluroso saludo para este #8a. las acompaÃ±amos en esta lucha y nos unimos al clamor de todas las pibas para #quesealey #abortolegalya gracias por tanta fuerza hermanas, su lucha es nuestra URL",aborto,F
"el #abortolegalya es el peor genocidio jamÃ¡s visto. ni hitler, ni stalin, ni mao zedong mataron tantos seres humanos inocentes.",aborto,C
"llego a casa agotada y pienso cuantas llegan como yo a sus casas agotas y todavÃ­a tienen trabajo, en casa, agotadas. cada jornada en el congreso por el #abortolegalya me llena de emociÃ³n porque nada de lo que pasa adentro serÃ­a posible sin lo quÃ© pasa afuera. la fuerza es nuestra URL",aborto,F
#votenabortolegal nos jugo en contra todo el periodismo todo el ambiente artistico todos los zurdos parte del peronismo parte de cambiemos pero una vez mas..... USER mostrara su poder #sialavida agradecemos a vos twittero el apoyo y el rechazo al aborto llega,aborto,C
"mas voces se suman al reclamo de que #cuidemoslasdosvidas y reclaman #noalaborto es mentira que para salvar a la vida de la mujer, sÃ³lo podemos ofrecerle un aborto. si nos organizamos podemos vivir todos. URL",aborto,C
"#esmuydelosprovida lo lamento por las que tenÃ­an ganas de asesinar, la ley de aborto legal #abortolegalya no va a salir a favor. salvamos las dos vidas",aborto,C
#alerta susana gimÃ©nez se acaba de sumar a favor de la legalizaciÃ³n del aborto a travÃ©s de la cuenta oficial de su revista. la convenciÃ³ su nieta lucÃ­a celasco. URL,aborto,F
"#rompiendoelsilencio una bendiciÃ³n en el distrito misionero â€œutcubamba aâ€ maestros comprometidos con esta campaÃ±a, capacitan a padres de familia sobre el valorar la vida y a tener mÃ¡s cuidado con la red de redes. #sialavida USER USER USER USER URL",aborto,C
"""y a esas mujeres que estÃ¡n por nacer, Â¿quiÃ©n las defiende?""",aborto,C
""" educaciÃ“n sexual para decidir, anticonceptivos para no abortar y aborto legal para no morir.""",aborto,F
este pasado sÃ¡bado en #salamanca se ha celebrado una gran manifestaciÃ³n USER #noalamina de uranio #sÃ­alavida con USER USER y muchas mÃ¡s URL,aborto,N
somos una. somos todas. ğŸ’š,aborto,F
"otro caso de aborto inseguro, esta vez en #cÃ³rdoba. la clandestinidad mata o nos deja con secuelas graves y de por vida. adhesiÃ³n al protocolo ile ya!"" declaraciÃ³n de la USER #contasconnosotrxs #seraley USER URL",aborto,F
el Ãºnico dinosaurio que bancamos (aunque me quiera matar). esto fue ayer en cÃ³rdoba. #abortolegal #seraley URL URL,aborto,F
"queremos ser madres por elecciÃ³n y no por obligaciÃ³n. porque es nuestro cuerpo y nosotras decidimos. hermanas argentinas, mÃ©xico estÃ¡ con ustedes. URL",aborto,F
tremendo testimonio USER URL,aborto,N
". USER estamos hablando de la salud de las mujeres, sobre todo de las mujeres pobres. son ellas las que mueren x abortos clandestinos. tan serio es el tema. # abortolegalya",aborto,F
"vamos a volver a salir a la calle y vamos a ser tantos, que no quedarÃ¡n dudas de que no queremos dejar indefensa la vida de nadie vamos a trabajar para cuidar la vida de las madres con embarazo no deseado y la vida del no nacido eso debemos y podemos hacerlo !! URL",aborto,C
"retweeted #abortolegalya (USER): somos muchos, damos la cara #abortolegalya ğŸ˜ URL URL",aborto,F
"USER #noabortolibre â€œcada niÃ±o, al nacer, nos trae el mensaje de que dios no ha perdido todavÃ­a la esperanza en los hombresâ€ rabindranath tagore, poeta bengalÃ­, filÃ³sofo del movimiento brahmo samaj, premio nobel de literatura en 1913 URL",aborto,C
"ahora que estamos juntxs, ahora que si nos ven el aborto clandestino se va a caer! somos millones en todo el paÃ­s,somos el fuego y no nos para nadie! la #mareaverde llegÃ³ para arrasar! #abortolegalya #serÃ¡ley USER URL",aborto,F
#13jabortolegal tras aÃ±os de lucha feminista. tras aÃ±os de lucha por un derecho. #seraley #abortolegalya USER USER USER USER USER USER USER USER USER USER USER URL,aborto,F
frente al congreso la gente le dice #sialavida. no tenemos que elegir entre madres e hijos! URL,aborto,C
"arroz con leche abortar es matar vos sos una asesina igual que las demÃ¡s que digan que sÃ­, que digan que no pero el feminismo es el cÃ¡ncer de hoy",aborto,C
"ğŸ’šğŸ’š no hay dudas: las calles ya las ganamos ğŸ’šğŸ’š Â¡hasta que lxs senadorxs no voten, no nos movemos! Â¡ni la lluvia ğŸŒ§ ni el frÃ­o â„ nos pararÃ¡! y a las 19 hs: ğŸ’¥ Â¡paÃ‘uelazo en todos los escenarios! ğŸ’¥ Â¡somos millones! URL",aborto,F
estoy leyendo todos los tweets a favor de la legalizaciÃ³n del aborto asÃ­ URL,aborto,N
gracias USER por sumarse al #rechazototalenelsenado y defender la vida. lo apoyamos con USER USER USER USER USER USER #abortonoessalud #buenmartes #martesceleste #sialavida â¡ï¸URL URL,aborto,C
"por favor reportemos esta cuenta y todas aquellas que hagan apologia del delito. el #abortoesdelito necesitamos una sociedad responsable de sus actos no aquellos que pidan el derecho a matar, para no hacerlo. (USER): URL #rt #noalaborto URL",aborto,C
en este momento estÃ¡n reunidos los senadorxs que apoyan el #abortolegal buscando el consenso sobre el proyecto que se llevarÃ¡ como propuesta de cara al.,aborto,N
"ni puta por coger, ni madre por deber, ni presa por abortar, ni muerta por intentar. no a la maternidad obligada! URL",aborto,F
"en trujillo, club de madres de bello horizonte el porvenir son concientizadas y dicen #sialavida en URL",aborto,C
el terrible video de 1 minuto que los abortistas no quieren que veas! URL #sialavida #noalfmi #lapatrianoestaenpeligro,aborto,C
"guastavino, (ex vice gobernador de entre rÃ­os), pidiÃ³ que se recuerde en cada sesiÃ³n a todas las mujeres que se mueren por abortos clandestino, a raÃ­z de que el #senado no aprobÃ³ la ley para el #abortolegal. USER lo frenÃ³ y no permitiÃ³ que continÃºe. URL",aborto,F
la cuestiÃ³n es URL,aborto,N
no necesitamos enmascararnos tras un ni una menos... porque sabemos que #todavidavale una vez mÃ¡s la argentina se puso de pie porque #argentinaquierevida para todos URL,aborto,C
"grupos conservadores difunden afiche contra mÃ©dico q practicÃ³ aborto legal, el photoshop es patÃ©tico. mensaje dice: Â¿este mÃ©dico realizÃ³ su juramento hipocrÃ¡tico? juzgue ud. la historia de chile ya lo tiene fichado. ya un niÃ±o no tiene vida por su actuar URL",aborto,F
"""todas conocemos mujeres que abortaron y eso no se habla"" USER en #intrusos URL #abortolegalya #abortolegal URL",aborto,F
senador USER no vote en contra de las mujeres. necesitamos una ley! si vota a favor jamÃ¡s lo olvidaremos. ğŸ’š,aborto,F
USER USER y tambiÃ©n algunas deciden por sobre el cuerpo de un inocente no?,aborto,C
"""espero que se desarrolle el, la #esi para que puedan valorarse como personas, con el respeto a la identidad autopercibida, otro derecho ganado"" USER URL",aborto,N
"Â¡ahora quieren vida, cuando en dictadura mataban con la dina! #abortolegal âœŒğŸ½ğŸ‡¨ğŸ‡± USER URL",aborto,F
"el aborto estÃ¡ lejos de ser un derecho, simplemente es la consagraciÃ³n de la barbarie mÃ¡s extrema. 125 votos contra 129... de nuevo gracias x haber sostenido su voto pese a las presiones de sus propios partidos y autoridades.",aborto,C
"nunca se olviden que por las reformas alfonsinistas sobre divorcio, hijos/as â€œextramatrimonialesâ€ y censura de pelÃ­culas/libros, esta misma iglesia hablaba de â€œdemocracia pornogrÃ¡ficaâ€.",aborto,N
es hoy! hagan historia che! ğŸ’š,aborto,F
el feto jesÃšs. vuelve en el 2019 a votar por cristina. pone el sobre en la urna piiiik y luego vuelve a ascender a los cielos. cada 4 aÃ±os baja a votar en contra de macri. URL,aborto,N
estuve todo el dÃ­a sintiendo esto. URL,aborto,N
Â¡Â¡Â¡ya es 13!!! bueno. nos vamos calmando... URL,aborto,N
"no falla. cuanta mÃ¡s info tiene la gente, mÃ¡s apoya el #abortolegalya. ğŸ’šğŸ’šğŸ’š URL",aborto,F
"si no querÃ­a un hijo no hubiera tenido una erecciÃ³n. Â¿te suena ridÃ­culo? bueno, asÃ­ sonas vos cuando decÃ­s que una mujer se debe joder la vida por â€œabrir las piernasâ€.",aborto,F
"el pueblo de san juan, a travÃ©s de sus representantes, se declarÃ³ provida. felicitaciones queridos sanjuaninos !!! cuidemos las dos vidas URL",aborto,C
".USER hoy podes ser parte de la historia. hoy tenÃ©s q elegir entre un estado presente q eduque, acompaÃ±e y aconseje o esconder la realidad bajo la alfombra. #laclandestinidadmata y genera un negocio con el sufrimiento de miles de mujeres URL",aborto,F
"el ""interior"" tambiÃ©n reclama #abortolegal. los 7 diputados salteÃ±os votaron por el aborto clandestino. dos de sus 3 senadores, tambiÃ©n lo harÃ¡n. Â¿a,quien respresentan? URL",aborto,F
va creciendo la tensiÃ³n. URL,aborto,N
"ğŸ”ŠğŸ”ŠğŸ”ŠğŸ”Šanticonceptivos para no abortar. ni clandestino, ni legal, el aborto mata igual URL",aborto,C
musicas por el #abortolegalya !!! URL,aborto,F
"en el congreso, en las calles y en las redes! ğŸ’š URL",aborto,F
bravo! USER estÃ¡s del lado correcto de la historia. gracias!,aborto,N
lo dice un miembro del comitÃ© de los derechos del niÃ±o de la onu. URL,aborto,N
"por el derecho al aborto legal, seguro y gratuito. maÃ±ana lunes 19/2 de 12 a 14h tuitazo #abortolegalya de 18 a 20h paÃ±uelazo frente al congreso! USER USER ğŸ’ªğŸ½ğŸ’šğŸ’œâœŒğŸ½USER URL",aborto,F
"formamos una red de organizaciones que le decimos #sialavida, para hacernos escuchar en las redes, en los medios y en las calles. entrÃ¡, enterate y participÃ¡ URL hoy mas que nunca #salvemoslas2vidas URL",aborto,C
hoy y todos los dÃ­as decimos,aborto,N
#soyprovida porque creo en la vida y creo q todo ser humano tiene derecho a la vida desde la concepcion!! URL,aborto,C
"los aplausos que arrancan los discursos de los diputados #contigiani, #olmedo, #massot, #pitiot en favor de la vida son directamente proporcionales a los abucheos a, y",aborto,N
no hay justicia social sin aborto legal ğŸ’šparanomorir,aborto,F
#sialavida todos nos unimos para defender la vida. la mÃ¡xima autoridad de la iglesia catÃ³lica bendice la imagen de la â€œvirgen del niÃ±o por nacerâ€ - chile #lacalleesnuestra URL vÃ­a USER,aborto,C
legislatura de neuquÃ©n aprobÃ³ una comunicaciÃ³n al congreso en apoyo al proyecto de la USER. #abortolegalya URL URL,aborto,F
ya sabemos porquÃ© USER como gob de la pba no adhiere al protocolo de aborto no punible (ile) es una militante antiderechos. decide obstaculizar el ejercicio del derecho a la salud. se manifiesta en contra del #abortolegal vidal estÃ¡ a favor del aborto clandestino. basta! URL,aborto,F
ayer nos unimos 5.000 personas a gritar #noalamina #sialavida porque queremos defender nuestra tierra de una mina a cielo abierto con almacÃ©n de residuos radioactivos URL,aborto,N
chicos por favor ğŸ˜‚ URL,aborto,N
"esto fue lo mejor, claro y conciso URL",aborto,N
un vagÃ³n cualquiera del subte d. URL,aborto,N
infÃ³rmate quiÃ©nes son los legisladores de tu distrito. defiende la vida o URL,aborto,C
#queelabortosealey #abortolegalya nos cuidamos entre todxs ! rt! URL,aborto,F
ojalÃ¡ que la diputada USER y el diputado USER se inclinen a favor de la ampliaciÃ³n de las derechos de las mujeres y voten,aborto,F
"""donde existe una necesidad, nace un derecho"" dijo evita. #abortolegal para salvar vidas! no queremos mÃ¡s muertes por abortos clandestinos. reflexionen senadorxs! es salud pÃºblica. voten para garantizar el derecho. lean que hay un cambio de Ã©poca. no voten contra las mujeres. URL",aborto,F
you so fucking precious when you... ğŸ’šğŸ’šğŸ’šğŸ’šğŸ’šğŸ’šğŸ’šğŸ’šğŸ’šğŸ’šğŸ’šğŸ’š ğŸ’š estas a favor del aborto ğŸ’š ğŸ’š legal seguro y gratuito ğŸ’š ğŸ’šğŸ’šğŸ’šğŸ’šğŸ’šğŸ’šğŸ’šğŸ’šğŸ’šğŸ’šğŸ’šğŸ’š,aborto,F
yo estoy a favor de las dos vidas!!! URL,aborto,C
#abortolegalya mas claro imposible URL,aborto,F
"en el escenario posible de un empate en la #abortosesionhistorica desempata emilio monzÃ³, bajo el fuego de uno de los movimientos populares mÃ¡s masivos en dÃ©cadas en favor del #abortolegal estÃ¡ claro lo que tiene que hacer.",aborto,N
en la calle ya escribimos la historia. que tambiÃ‰n se escriba en el congreso. URL,aborto,F
temas interesantes para la gaceta de salamanca: - miles de personas en salamanca contra la mina de uranio âŒ - cientos de personas en barcelona con el tema indepe âœ” seguro que no tiene nada que ver con el anuncio gigante de berkeley. URL,aborto,N
"pro vida: vos no saben si ese bebÃ© quiere nacer claro pero despuÃ©s son ustedes les que deciden sobre su hije, al bautizarle, si el bebÃ© es varÃ³n, azul y si es nena, rosa, imponiÃ©ndole que su orientaciÃ³n sexual sea hetero, cuando ni siquiera puede dar su opiniÃ³n",aborto,F
"USER hola! han muerto dos compatriotas tuyas, dos chicas por un aborto inseguro e insablubre, desde k tu ordenastes a tus seguidores votar en contra del #abortolegal legal. espero k no se te haya olvidado rezar por sus almas, pk lo k es sus cuerpos estÃ¡n ya bajo tierra, gracias a ti.",aborto,F
el aborto por causales es legal en argentina. hoy no se empieza a debatir aborto sÃ o aborto no. hoy se empieza a debatir aborto legal vs aborto clandestino. yo estoy a favor del,aborto,F
#abortolegalya a favor: rt en contra: fav,aborto,N
"""no se enojen con las iglesias"" dijo cristina. pero si el vaticano y la iglesia son quienes se oponen fervientemente al derecho al #abortolegal. quiere impedir que se desarrolle el movimiento que ya estÃ¡ surgiendo por la separaciÃ³n de la iglesia del estado.",aborto,F
"tras conocerse la orden arbitraria de pullen llermanos de trasladar a milagro sala al penal de salta, el USER convoca este #8a a defender nuestrxs derechos: al aborto, a la libertad, a un juicio justo. hoy es ella, maÃ±ana podes ser vos URL",aborto,F
"USER amiga, con llamadas no hago nada, tenÃ©s que verte con el chongo, pa q quiero escucharlo si tengo ganas de cojer? bue",aborto,N
"y para cerrar la noche de los paÃ±uelitos verdes, alguien que se anima a decir ""si a las dos vidas"" ğŸ‘",aborto,C
"sr, yo a usted lo quiero mucho mucho, y URL",aborto,N
8a a las calles URL,aborto,N
"el gobierno falla en las polÃ­ticas de educaciÃ³n sexual integral y de salud reproductiva. si encima considera que las 500mil mujeres que interrumpen un embarazo son â€œasesinasâ€, entonces tambiÃ©n les falla la polÃ­tica de seguridad, no?",aborto,F
"hoy, desde las 7 am las militantes x el #abortolegalya coparon la zona del congreso, hasta ahora, que siguen ahÃ­. conclusiÃ³n: no fueron a trabajar. ahora, despuÃ‰s de trabajar, llegan las militantes en contra del #abortolegalya nada, eso. pensalo âœŒï¸ URL",aborto,C
"penosa exposiciÃ³n de gustavo saadi. mÃ¡s allÃ¡ de sus indecisiones, su nivel intelectual y su (in)capacidad argumentativa son indignos de un legislador nacional. ver estos debates tambiÃ©n sirve para desenmascarar a estos polÃ­ticos de cuarta.",aborto,N
esta es la lista de oradores en el debate por el #abortolegal. USER hablarÃ­a cerca de las 21hs. URL,aborto,N
"diputada cerruti, la rompiÃ³ toda. ""a mÃ­ me votaron para representar las demandas de un momento histÃ³rico de un sujeto"" ""el sujeto estÃ¡ allÃ¡ afuera, tiene paÃ±uelo verde es feminista y jÃ³ven""",aborto,F
"q las mujeres aborten o no, no depende de tu opiniÃ³n, ni de tu religiÃ³n, ni de nada relacionado a vos. las mujeres q quieren abortar, abortan. la pregunta es si estÃ¡s de acuerdo con q las mujeres pobres mueran y las ricas no, cualquier otra discusiÃ³n es anacrÃ³nica. URL",aborto,F
decidÃ­ no convertirte en madre de un niÃ±o muerto. Ã‰l jamÃ¡s desaparecerÃ¡ de tu corazÃ³n,aborto,C
"maÃ±ana serÃ¡ un dÃ­a histÃ³rico para el movimiento feminista y social de argentina. celebramos cada instancia de debate sobre una problemÃ¡tica silenciada, callada, envuelta en la moral y Ã©tica de la clandestinidad y el ocultamiento. la marea verde transgeneracional... URL",aborto,F
luego de una jornada d ataques violentos y cobardes contra los que dijimos #cuidemoslas2vidas todo mi apoyo a USER USER USER USER USER USER USER USER USER hablamos con el corazÃ³n URL,aborto,C
12:27. congreso.. URL,aborto,N
"USER USER que bueno q vayas por la equidad! te felicito x el avance, la ley x el aborto legal ha traÃ­do muchas cosas buenas! #nosotrxsnonegociamos ğŸ’šğŸ’š",aborto,F
debes saber tambiÃ©n que la organizaciÃ³n mundial de la salud (oms) afirma que los paÃ­ses donde no se criminaliza el aborto disminuyeron casi a 0 las muertes maternas,aborto,F
249 bailarinas se reunieron hoy en mu para gritar juntas URL,aborto,N
se estÃ¡ realizando en estos momentos la marcha por la vida en #hidalgo felicidades URL,aborto,C
"desde #morÃ³n #paÃ±uelazo por el #abortolegal compaÃ±eras radialistas de USER USER USER llevando la radio abierta a dÃ­as de una sesiÃ³n histÃ³rica, en las calles por nuestros derechos! ğŸ’š URL",aborto,F
âš«ï¸ uno de los grandes â€œlegadosâ€ del gobierno funesto: Â¡asesinato de inocentes! una de las barbaridades mÃ¡s grandes y brutales del Ãºltimo tiempo en chile. Â¡las mujeres no tienen derecho a asesinar a otro ser humano que llevan dentro! URL,aborto,C
"los que estan a favor del aborto clandestino â€œy si alguno de los dos tiene que morir, que sea la madreâ€ no se diga mas. URL",aborto,F
los espermos maÃ±ana 17hs frente a plaza congreso [martes verde] #seraley âœŠğŸ»âœŠğŸ¼âœŠğŸ½â¡ï¸ ğŸ’š URL,aborto,F
#mesaza ğŸ‘ğŸ‘ğŸ‘dr. albino muchas gracias por defender a los que no tienen voz. #sialasdosvidas #noalabortoenargentina #salvemoslasdosvidas no nos manchemos las manos con sangre inocentes!,aborto,C
me encantÃ³ que hayan dicho #sialasdosvidas en los.,aborto,C
"las sufragistas inglesas presentaron 2588 peticiones al parlamento antes de conseguir que se apruebe su derecho a votar, en 1917. es un dÃ­a para leer a USER y la anÃ©cdota que recoge sobre esa lucha de dÃ©cadas, por algo que hoy nos parece tan evidente. URL",aborto,F
USER USER USER gran programa!!! ğŸ‘ğŸ‘ ğŸ’š,aborto,N
#sialavida gracias a todos estos argentinos me volvieron las ganas de seguir soÃ±ando debemos argentinos tener bien presente q somos.muchos los decentes los normales los laburadores y q jamÃ¡s debemos perder la calle por mÃ¡s q al gobierno no le guste o tenga sus miedos jamÃ¡s! URL,aborto,C
âšªÃngeles rawson era activista provida. âšªchiara paez muriÃ³ defendiendo su embarazo. âšªkeila jones muriÃ³ en un aborto no punible asistido en un hospital. âšªlas madres que impulsaron el ni una menos se quejaron del aborto. y siguen diciendo que sin #abortolegal no hay URL,aborto,C
lo que defienden // lo que deberian defender. (tengo entendido que esta foto es de una marcha que se hizo en perÃº) URL,aborto,N
virgen marÃ­a cuida y protege a los no nacidos ğŸ™ URL,aborto,C
ğŸ’š perÃš ğŸ’š #13jabortolegal #abortolegalya ğŸ‘«ğŸ‘¬ğŸ‘­ URL,aborto,F
#sialasdosvidas hoy nos vemos en el congreso! URL,aborto,C
USER se suma a unas cuantas que mueren x aborto legal en todo el mundo. los q se creen que por ser legal el aborto es inocuo que vayan tomando una dosis de realismo: unUSER muere seguro y la madre siempre corre riesgo fÃ­sico y psÃ­quico #cuidemoslas2vidas y no te creas las,aborto,C
en el congreso presentado proyecto de despenalizaciÃ³n del aborto por decisiÃ³n de la mujer URL,aborto,N
USER #noalaborto #sialavida no al URL,aborto,C
esos diputados que hasta ahora se ganaron un lugar gracias al anonimato de las listas sabana hoy para nosotras tienen nombre y cara. estÃ¡n a favor del aborto clandestino y nos vamos a encargar de llenar ese congreso con gente que si nos vea y nos de esa ley,aborto,F
todxs necesitamos la ley de aborto. quiero que mis hijas tengan derecho a decidir sin culpa! si luchas por la igualdad social #votenabortolegal #abortolegalya URL URL,aborto,F
"â€œ...porque si este proyecto fuera rechazado, llevaran de por vida sobre sus espaldas a las muertes que de aqui en mas produzca la industria del aborto clandestinoâ€ URL",aborto,F
el proyecto de la USER platea la interrupciÃ³n voluntaria del embarazo. ya tenemos aborto legal por causales. queremos aborto legal voluntario. porque nuestra decisiÃ³n es causa suficiente para abortar.,aborto,F
"si no estÃ¡s a favor del aborto, no abortes. no obligues a una mujer a no poder tener derecho sobre su propio cuerpo.",aborto,F
