id,Tweet,Stance
815373939438403585,Celebrating the life. Not mourning the death.,-1
815609056383467520,mt @testisfidelis: women are not ragdolls. they can practice selfmastery.,-1
815650201792839680,check out some #prolife news in #2017 from #theroamincatholic @beatidude,-1
815740678193942528,what being a mother has taught me about abortion:,-1
817165470902185985,gop to #defundplannedparenthood in #obamacare repeal,-1
817221738706542592,yes please.,-1
817377761044103168,.@speakerryan is living that thug life. we will !,-1
817812664818679808,"abortion ends one life, and forever adversely alters another.",-1
819540634319122432,"#mylifematters i'm a special gift from god, love me mommy.",-1
822913352892645376,"pam tebow #chooselife. her story continues to inspire many, ""mrs. tebow, i did not abort my baby because you did not abort yours.""",-1
822932133639491584,"of all the faces, voices&amp;images shown in the streets of dc today the one missing in the name of ""choice"" is this one.",-1
824315319699116032,mt @marylene58: so beautiful and angelic. please .,-1
824638594379902977,".@embracegraceinc:"" we are here all life, not just pro-birth.""",-1
824952555067285505,win this war_revoke license to kill!,-1
824972407341461504,mass has started!! youth rally and mass for life is getting started!,-1
824994838030458889,"hi @windywilson88 we love your #t2trainspotting chat, its a #chooselife #chooselunch day in @dollarsdeli",-1
825024156693516289,our voice is getting stronger!,-1
825031188020539392,life is winning because of all of you! @mike_pence,-1
825476834213105664,just seen #trainspotting2 it was just superb on so many levels &amp; a beautiful follow up to one of my all time favourite films...,-1
825487222543626243,texans stand for the protection of life! let ours will be the generation to end abortion forever #txrallyforlife @texasgop,-1
825736355263180800,miracle baby.,-1
826287404243787776,mt @awakedeborah: fearfully and wonderfully made! by god.,-1
826890954359595008,"if @t2trainspotting changed your life, this review of it written by @matthew5thomas will change it even further.",-1
827504688723611648,where is the democrats permanent outrage over innocent children being ripped apart by abortion?,-1
829086397151715335,#prolife senators introduce bill to #defundplannedparenthood #abortion biz @lifenewshq,-1
833649980434968576,"... getting by, looking ahead, to the day you die...",-1
834116879069360129," roe v. wade attorney sarah weddington‚Äôs shocking answer when asked, ‚Äúwhatever happened to roe?‚Äù",-1
834233364370554884,"also, shouldn't the #prolifegen want to increase the amount of birth control and thus decreasing unwanted pregnancies and abortions? (3/3)",-1
834501783569457158,wonderful convo over lunch w/ @savethestorks staff! they're doing really creative work for the sake of mothers &amp; babies.,-1
834785344935567360,choose life.,-1
835282558199832576,@thehill @denisebronsdon @jennabushhager wow..i'm surprised. i thought better of her.,-1
836021510749966336,showed up to wings maternity home to find the whole crew sporting our t-shirts! themboth,-1
836563134898917376,"current view. no filter, no caption required. onward! gx",-1
836695704244453377,over a dozen young #prolifers stayed for a chat and a pint after an incredibly biased session to talk about what the #prolifegen can do!!,-1
836981080444047361,we are outside the omni hotel in ft. worth today protesting barbara bush at @ppact's overpriced lunch,-1
837007732213342208,mt @patrioticgirl86: the greatest destroyer of love and peace is abortion.,-1
837027717954428928,"mt @amenditusa: new mood,new plan. let america decide!",-1
837091756005081088,mt @karee_news: you can do something try to touch hardened hearts and,-1
837092396353667072,"mt @amenditusa: new mood,new plan. let america decide!",-1
837093085322452992,mt @awakedeborah: fearfully and wonderfully made! by god.,-1
837288374092382213,barbara bush spoke at a planned parenthood benefit and we went too,-1
838834515380482048,this went viral.,-1
842415089361817600,no to trump and no to this hangover,-1
844315936651923457,happy birthday @gregesplin! no doubt melbourne will show you a f'ing great time.,-1
845360229869125632,thank you @personhoodedny for having us at the bringing america back to life ny convention,-1
845608603532886016,"when the most exciting moments in your life is going to the supermarket to buy hummus, you definitely need some changes...",-1
846765223893766144,thank you @students4lifehq for your help with our table this morning! we had so much fun at your 10 year anniversary last week!,-1
847002980855500801,don't miss this free breakfast event. find freedom through #leadership #chooselife@timlondonset @heatherwaters15,-1
847601187218046980,"thank you, @vp!",-1
848052499156172801,the test of courage in a man: #chooselife! rt @catholicsfollow,-1
849033945500983296,#catholic order organizes #prolife rally against,-1
849270881129910272,mt @marylene58: so beautiful and angelic. please .,-1
855512164756594688,"a piece of sage advice given to me tonight, ""you're only a failure if you give up on the things you love"" my dh has his moments",-1
857293884610793473,"high school pro-life student: ""planned parenthood, you're done."" #prolifegen this is the generation that will defund pp!",-1
857360682429202433,mt @politicsiswar: for convenience...,-1
857471880151707648,mt @patrioticgirl86: keep me safe lord from the hands of the wicked.,-1
857703729168084993,university oks vending machine selling plan b morning after pill,-1
858347908088901633,woman laughs before her ninth abortion ‚Äì then she sees her aborted baby #chooselife @justanavywife,-1
858673878263934976,mt @humancoalition: i chose not to view your life as optional.,-1
859060486129635329,mexican rs demand expulsion of ‚Äò#abortion ship‚Äô,-1
859062777494872064,pro-choice: tunnel vision via @katielkieffer,-1
859447237193203713,a step in the right direction!,-1
859936047270068228,with margaret colin at,-1
860140506277347333,we have passed 20wk abortion ban!,-1
861956762806755332,"eventually, you have to choose a side:",-1
862637880656711681,get results_follow a new tactic!,-1
862872980115918849,quite possibly the cutest #prolife marcher ever!,-1
863086010992930816,ex sickboy @roryspeed of @hollyoaks is in the audience for @trainspotlive tonight!,-1
863824864146337792,finley‚Äôs parents are grateful #abortion pill reversal saved their little girl,-1
865597965632765954,clear for all to see,-1
867721637097078785,thank you for standing with #maddirunkles @pynance!,-1
868200733937729536,i cannot put into words how phenomenal @trainspotlive was! i'd gladly go back tomorrow to experience it all over again!,-1
868539833555333121,"mt @liveaction ""one of the best pro-life signs that we've ever seen!""",-1
868965369897254912,"mt @savethestorks ""women deserve better than abortion."" oregonians want better options:",-1
869737663921659904,"with each passing day, more lives destroyed, more voices silenced forever. when will we as a nation say ""enough""??",-1
869973626551910400,abortion clinic offering to kill baby at 30 weeks now under investigation,-1
870044013138595840,mt @humancoalition: i chose not to view your life as optional.,-1
870049621468340225,"mt @amenditusa: new mood,new plan. let america decide!",-1
870069967814746112,mt @patrioticgirl86: the greatest destroyer of love and peace is abortion.,-1
870719914927116289,looking forward to joining @tuckercarlson tonight @ 8:30pm et to talk about pro-lifers + free speech on campus!,-1
870747779597049856,utterly ashamed that people would only choose a leader capable of starting a nuclear war.,-1
872375787864850433,i #chooselife #labour = #life #conservative = cash what do you choose?,-1
873388506357301248,‚Äòwonder woman‚Äô filmed epic fight scene while five months pregnant,-1
873543789725569024,washington state named the ‚Äúleast pro-life state‚Äù in the united states,-1
877961752490594304,"fringe tickets for @irvinewelsh #trainspottinglive selling out quickly, book now to avoid disappointment ya radges!",-1
879528651406102530,almost there! which state will lead the charge to ?,-1
880202242615279616,"#twitter allows #plannedparenthood to advertise #abortion, declares #prolife message ‚Äòoffensive‚Äô",-1
880503871357034496,go autumn! she just gave a great workshop at @creationfest on being a pro-life teen and how to become a pro-life activist,-1
880816449626882050,thanks to @lifedynamicsinc for having me on their lifetalk show this morning!,-1
880860207190028289,i am pretty sure that the state of michigan will know who to choose in their next election,-1
883368963488534528,new anchor for gen news,-1
886896955116449792,@irvinewelsh #trainspottinglive opens at the preston guildhall 7pm tonight! last tour date before the fringe.,-1
887849635896840193,best approach to reach abortion advocates! @ncregister @pattiarmstrong #prolife @amerlifeleague,-1
887862172193312769,canadian health official wants free abortions for all women,-1
888019173389021185,brilliant approach to reach out &amp; convert #abortion advocates! #wednesdaywisdom #prolife #prolifegen @pattiarmstrong,-1
888879136659394563,#chooselife choose not to be bullied and worried. be you.,-1
889244847479107590,not bad words from the man himself @irvinewelsh we fucking love working with his work! an absolute privilege,-1
889870722331320321,tax dollars should not go to clinics that provide abortions,-1
891068017282613248,@ppfa you may have won but the #prolifegen is coming!,-1
891368701017997312,"mt @amenditusa: new mood,new plan. let america decide!",-1
815346820486467584,this year i,-1
815374253662998528,mt @humancoalition: i chose not to view your life as optional.,-1
815510915273502720,mt @karee_news: you can do something try to touch hardened hearts and,-1
815598004967243776,'all ireland rally for life - belfast 2016',-1
815632789819138048,"abortion ends one life, and forever adversely alters another.",-1
815658861004750852,want oregon to stop funding abortions with state tax dollars? here's how you can have a say: -- gen,-1
816775175391870977,fighting for an end to #abortion and @ppfa are some,-1
822189803395551232,trainspotting sequel - absolutely cracking. everything you've been hoping for.,-1
822534219280826370,it‚Äôs impossible to tell the difference. a #preborn‚Äôs livelihood should never be outweighed by circumstance,-1
822534463007719424,we hope to see you all at the walk for life west coast tomorrow!,-1
822924347354517505,meanwhile across the country women &amp; families #chooselife @1lifela @larespectlife @catholicsfollow @realdonaldtrump,-1
823602005436493824,i wrote #shadesofblue in honor of my dad who marched to protect life. with jesus there is hope for healing. there is always hope,-1
824695007877746688,meet the #prolife group cracking #plannedparenthood‚Äôs favorite market by @tgc @brianefisher,-1
824706477235568641,student‚Äôs guide for participating in the #marchforlife ==&gt;&gt;,-1
824946422898388992,wonderful to see scottish students at dc's march for life. we are the,-1
825004693814382592,today let us give witness to life from the moment of conception to natural death - a gift bestowed by god! #marchforlife #chooselife! +sja,-1
825040254231011329,"""if you want equal justice for all and true freedom and lasting peace, then america, defend life."" jpii",-1
825063605993345024,mt @awakedeborah: fearfully and wonderfully made! by god.,-1
825064126338719744,this morning 27 buses traveled from @ny_arch to d.c. for the @marchforlife!,-1
825065385825271808,so many knights and their families from around the country are marching for life today!,-1
825072581627756544,s/o to the #prolifegen out there doin' work today.,-1
825103835995787265,flashback to this week in 2013 with #lifechangers @catelynnlowell &amp; @tylerbaltierra speaking up for life!,-1
825127931815014401,unreal how a films about smack and junkies can make ye feel so fucking proud eh being scottish,-1
825128662152396800,saw @t2trainspotting tonight absolutely brilliant - go see!,-1
825495102344736768,just drank first coffee in about a week. it's hitting hard. but at least the baby stopped crawling on the ceiling.,-1
825526704017985536,such an amazing experience with all my sisters,-1
825748960761495552,@benjaminswatson at #marchforlife: 'you can change the course of generations' @liveactionnews,-1
825782752012288001,#nfl player @benjaminswatson tells men to stand up for women at,-1
825787006391312384,#t2trainspotting my kind of film,-1
826073076324511744,"young and upbeat: millennials in march for life resolute, passionate via @collegefix",-1
826239586330370048,how would you spend $1.7 million oregon tax dollars to help pregnant women in need?,-1
826267612137062400,#guitar ...old &amp; new interesting stuff in tamworth! ‚Ä¶,-1
827264330156511232,repost yogabbygabbax we are the,-1
827754599977086977,"it's official, it's happening, i'm stoked.",-1
828017351874453505,"""i regret my abortion."" her sign speaks the loudest. can we make it even louder.",-1
834044612478169088,this is what the world looks like when a young mother is #prolife snapchat: churchpop,-1
834573682446102528,mt @awakedeborah: fearfully and wonderfully made! by god.,-1
834573729640415233,mt @marylene58: so beautiful and angelic. please .,-1
835631449747251200,mt @humancoalition: i chose not to view your life as optional.,-1
836208089816760322,halt this madness_outlaw abortion!,-1
836308776261156864,the #abortion industry says life can be thrown away. we know each life holds immeasurable value and potential.,-1
836620149079879681,real image of 5 week old aborted fetus..what the liberals don't want you to see,-1
836980294263590912,"mt @amenditusa: time for new mindset, abolish abortion!",-1
837008381433032704,come and join the #prolifegen barbara bush! don't buy planned parenthood's lies.,-1
837044979058909184,mt @patriotjewelusa: help save most innocent among us!,-1
837314362381594625,yooo! i did not see this coming...,-1
837572341202837504,life is too short to scroll through the comments that people leave on youtube videos!,-1
837948950820835329,@maryannehobbs disrupting my little boys homework sometimes you just have to stop and dance,-1
841076642785185794,ever see this #plannedparenthood bag? now you'll know the .,-1
842747739670757377,"#yourchoice ""i have set before you life &amp; death, blessing &amp; cursing: #chooselife that you may live."" deuteronomy 30:19 dr gs linton plz rt",-1
844391317144834049,life is beautiful,-1
847392862673051648,the world can choose to just talk about apartheid israel's endless occupation‚Ä¶ or it can choose to act,-1
847414198317457410,got temperance? abolish abortion usa!,-1
847979279061102593,@newtowndoc thx for the follow! thank you for your holy work! @rabbisagstgunv stand with you to save lives!,-1
848034648898908161,"the spirit gives life,the flesh counts for nothing...the words jesus spoke are full of truth and life #chooselife @john663",-1
848063673327333376,"hear the voice of our god pleading with us--""change your ways and live!"" ezekiel 18:30-32",-1
848748648653627393,"mt @prolifeyouth ""i believe in speaking out against abortion since the victims cannot speak for themselves."" gen",-1
848976783500247040,#chooselife license plates are headed to the governor's desk!,-1
852278713551138817,pro-life kansas state treasurer ron estes defeats pro-abortion james thompson for congress,-1
852972179994148866,"thank you, !",-1
854710495596630016,"mt @amenditusa: new mood,new plan. let america decide!",-1
855018318213808129,"happy 600th show to the #trainspottinglive team smashing it out in brisbane! here's to many, many more...",-1
855089070715940864,mother refused when told to abort her son: ‚Äòi‚Äôm just grateful we‚Äôve gotten to know him‚Äô:,-1
855415144247119873,excellent interview with @kevinhinesstory,-1
855707756866785281,the british pregnancy advice centre want more late-term abortions in scotland.,-1
856192356370051072,"@freedomchild3 one of my friend's sisters was told her baby would have #downsyndrome &amp; to #abort. she chose #life &amp; the baby, did not have ds! !",-1
857203884107890689,buzzing to be bringing our @irvinewelsh @trainspotlive to my home town falkirk! get on it,-1
857411426989813760,@ppact @repkevincramer defund pp,-1
857544558770520064,raffle prizes for #chooselife 1980s party tomorrow night #excited @lymphomaassoc #swanseadockersclub @uwtsd #sa1 @amandahughes007,-1
857652064763203587,#chooselife choose #theatre choose #trainspottinglive mon 17 ‚Äì fri 21 july,-1
857989336599601152,pro-life senator slams the pro-abortion media: ‚Äúthere‚Äôs just not honesty‚Äù,-1
858348218219986945,babies with down syndrome shouldn‚Äôt be targeted 4 abortion ‚Äîtheir lives have value and dignity #chooselife @appsame,-1
859126548191821826,mt @patrioticgirl86: one day.... you will wish you had me,-1
859196902482608128,babies without a voice are killed by those who have been given a choice.,-1
861967265163554816,our #trainspottinglive tour is in full swing starting our london leg at @artsdepot tonight! then on to the @brightonfringe,-1
862430541097779200,mt @patrioticgirl86: keep me safe lord from the hands of the wicked.,-1
862442232086908930,woman who underwent #abortion breaks down after seeing her dead baby,-1
865470771480584193,@kask_cycling saved my life on sunday. i was in 1 of the worst crashes of my life.always wear a helmet,-1
865639444103274496,"check out the production images for @trainspotlive, here from 20 jun, at",-1
866036535187038208,mt @politicsiswar: for convenience...,-1
867313154384166912,german court give right 2 make decision to parent whose solution benefits child @reutersuk,-1
867345973537787904,mt @awakedeborah: fearfully and wonderfully made! by god.,-1
867370148243623936,@foxandfriends @stringfellowfr4 @kthopkins enough of this is too much- the world has learned that some kind of islam wants people dead.,-1
867550885311795200,mt @marylene58: so beautiful and angelic. please .,-1
867693402099515393,"watched #t2trainspotting again,starting to become addicted.the whole film is amazing.soundtrack unreal.",-1
869293603541184512,"maratona trainspotting no cine praia grande! quinta, 1¬∫ de junho 18h30: trainspotting (1996) 20h15: trainspotting 2 (2017)",-1
869821316798525440,"we're going to see @lifebanduk tonight @roughtradenotts and if u know what's good for you, so will you!",-1
869955498065481729,today i would have graduated with honours deg. instead i'm plumbing and a borderline alky,-1
872177129710116864,and proud of it,-1
873644007490031616,love the start of tonight's #itv4 intro with a @jm130tt voice over! very clever &amp; v.poignant,-1
878349463776927744,what's yer swally tonight folks? happy weekend.,-1
880240923816452098,human babies too?,-1
880800410847596546,"obedience motivated by our love and awe of god leads to‚Ä¶ -blessing and life disobedience leads to‚Ä¶ -pain, devastation and death",-1
880835565763121155,we must protect those who cannot protect themselves,-1
884796938037714946,as long as no calves died or cows were harmed any cheese is good!,-1
887863321000628224,"and every single day that we don't #defundpp, 897 women are betrayed and 897 lives are lost.",-1
888186434208792581,#tbt to when @ppact understood that abortion kills the life of a baby| circa 1952.,-1
889092930232823808,thank you for your ministry through prayer! #life #prolife #chooselife #anglicansforlife er,-1
889891194884509697,psa: tax dollars should not go to clinics that provide abortion.,-1
890288183220613124,pope offers prayers for charlie gard and his parents as legal challenge ends:,-1
815355766160834561,mt @patriotjewelusa: we must make the womb safe again!,-1
815362641342373888,help oregon life united protect mothers and pre-born children by donating today: - -,-1
815502156434436096,tribute to #georgemichael by #marypavese my sister thanks love,-1
815575604431032321,lingering belief in limbo couldbdamaging2 #prolife cause rt,-1
815602276551315456,every life is full of endless possibilities.,-1
816848123159003140,fearfully and wonderfully made! by god.,-1
817851942101811200,saw @trainspotlive at @thevaultsuk tonight - literally one of the best things i've ever witnessed. unreal performance,-1
820761838006759424,amazing turnout at #march4lifechi! @march4lifechi,-1
824637072308924416,"""this is the first time a vice president of the united states will attend."" |",-1
824637526229024769,"nro w/ @carrahroy: ""a mother‚Äôs love &amp; the march that matters."" our friend‚Äôs choice for life.. my godson.",-1
824964176066015233,it takes a strong woman to !,-1
824996039014879232,this generation will end the evil of abortion.,-1
825035867991445504,grateful for these #tn06 students from the diocese of nashville who came out to #marchforlife2017. this is the !,-1
825053560589127680,standing for life is standing for women! #whywemarch #marchforlife #prolifegen #prolifeprowoman @march_for_life,-1
825066153143828481,#marchforlife #chooselife thank you!!!!!!!!,-1
825083410897047558,all my thoughts and prayers are with those out fighting for life today!,-1
825113087787331584,seeing all the #trainspotting boys on graham norton. can. not. wait to see it.,-1
825126107095642112,this #chooselife sign isn't even some kind of fucked up marketing campaign for #trainspotting2‚Äî which opens in theaters today in the uk!,-1
825129247630991360,a mob hurled racial slurs at and attacked #marchforlife supporters. : : @fox5dc : @nicedeb,-1
825223028929871872,tonight was so awesome!! thanks to all who came out (we march for the babies at home too!),-1
825257574811451393,"it's been a week where experiences, good and bad have prompted re-evaluation and re-prioritisation. more tinkering. less work.",-1
825370978616217601,"wow ""which two would we not know?"" amazing testimony. ex. of how doctors are not always right, which is why we put trust in him!",-1
826113131239845888,thank you @hobbnobbin for this great piece: make ‚Äúpro-life‚Äù ‚Äúanti-abortion‚Äù again via @phc_news,-1
826171630783074304,we can conquer_join the move!,-1
826292223352381440,#chooselife assisted suicide is next step toward this (legalized abortion was the 1st).the right to life is 1st &amp;most basic of,-1
826328280911507456,58 million babies killed in #abortion since #roevwade 1973 sad!! !,-1
826548484329324544,"""i was 19, jobless, unmarried, &amp; told my baby had a birth defect. i chose #life"" @ashleybufe",-1
826973592751570948,when abortion suddenly stopped making sense:,-1
829375577320734720,"respect, equality, justice: it begins with valuing life in the womb:",-1
829541749504643077,"mt @amenditusa: new mood,new plan. let america decide!",-1
829701170776199169,what‚Äôs the #prolifegen doing this weekend? protesting pp!,-1
829795627299172352,not as good as the first one but really enjoyed #trainspotting2 - it got me thinking about a lot of things #chooselife @omniplexd6,-1
834766196310409216,best thing i will probably see at #cpac2017. taking @ppact head on.,-1
834813964777320449,"if there¬ís a heartbeat, there¬ís life. national",-1
835148588145586177,it's true. a friend can save a life!,-1
835631562804842496,hundreds of thousands of #prolifegenyouth participated in washington 2017 march! !,-1
837062729013723137,"mt @amenditusa: new mood,new plan. let america decide!",-1
837094783323496449,mt @politicsiswar: for convenience...,-1
837100759720218625,mt @patrioticgirl86: keep me safe lord from the hands of the wicked.,-1
837112631110467584,mt @patriotjewelusa: help save most innocent among us!,-1
837451390263885825,happy national pro-life chalk day,-1
837497026623508480,just a little late-night chalking,-1
837612369362636801,please vote no. call to legalise abortion via @bega_news,-1
842101985394491398,@macy__marie miss #nd thank you for acknowledging the women who will never be -who are aborted in your @ndhousegop speech today,-1
842825413655216131,exposed!!! the real #truth behind the roe vs. wade decision,-1
843282860085858305,1) who is @tomilahren 2) @tomilahren needs a biology lesson. not your body. in your body.,-1
843892205102092290,that's a lot of baby socks. join the campaign and #sockit2pp gen,-1
844919154666864640,thank you @students4lifehq for your tireless work. congrats on 10 yrs of incredible achievements,-1
845349977916354561,if there is no justice for the unborn; there is no justice anywhere.,-1
846746149440700416,"our lady of guadeloupe, pray for those canvassing for life",-1
847145014836760576,@ppact a message from ireland where you have an affiliate. #defundpp pinkout #pinkout gen,-1
848005524197040128,"""it is a poverty to decide that a child must die so that you may live as you wish."" -mother teresa",-1
848068713156947968,@t2trainspotting is now playing in farmingdale go watch it,-1
849221020263362560,give our unborn the right to life!,-1
849481627004698625,follow us on instagram:,-1
855061912731742208,day 20 @30daysofbiking marked in a very special way. thx tyler,-1
856417524593958913,"in the media - @mailonline: ""mother with disabled son calls for curb on abortion law""",-1
857345705471492096,mt @amenditusa: halt this madness_outlaw abortion!,-1
857499294827466754,"@ppact @repkevincramer mr. cramer, as a north dakotan, i urge you to support defunding planned parenthood and to protect the unborn!.",-1
858349142934003712,senator ben sasse asks if democrats will stand up for this 'little guy' #chooselife @drlee4america @drscott_atlanta,-1
858657560274055168,win the fight_take a new course!,-1
858811816046018560,"mt @amenditusa: new mood,new plan. let america decide!",-1
858866293386117120,family of murder victims who think #deathpenalty will bring comfort in this life will also receive torment in the life to come.,-1
859035625470689282,times are hard in a conservative government,-1
859043479795580928,mt @marylene58: so beautiful and angelic. please .,-1
859060354906763265,interesting input about discrimination.,-1
859078219592601600,"""like every doctor, i am for life."" dr. jerome lejeune, stood up for life: - -",-1
862417750207062016,mt @marylene58: so beautiful and angelic. please .,-1
862656397141577728,2 ways you can help! islove,-1
862738777990672384,mt @karee_news: you can do something try to touch hardened hearts and,-1
862780623643136002,baltimore pregnancy center to save babies right next door to busy planned parenthood:,-1
865907731261255680,manchester! @march4lifeuk,-1
867441392896880640,"21 abortion clinics have closed in 2017, planned parenthood has shut down 20 since 2010",-1
867877768855527424,mt @patrioticgirl86: one day.... you will wish you had me,-1
868388063961128960,happy bank holiday! out and about and spreading our #lovinglife message for the,-1
868774248260681728,mt @patrioticgirl86: one day.... you will wish you had me,-1
868921075035496448,this. this. this. ...,-1
869155377723715590,exposing abortion by marching for life by @reganblntonking,-1
871397920796532736,#chooselife fuck the haters,-1
872390461293461504,today is a good day as i'm interviewing ewen bremner 'spud' is signing #t2 dvd @foppedinburgh at 5:30pm,-1
874305299477385216,gallup: 49% of americans say abortion is morally wrong. @gallup,-1
879384888163659782,closed! planned parenthood permanently closes another abortion clinic in new jersey,-1
880767522521460736,"guilt, fear, despair, anger, discontent-is the flesh worth it? love, joy, peace: the rewards of christ",-1
880782324400574465,reaction from @drpetersaunders of @uk_cmf following bma vote to lobby for liberalising of #abortion law,-1
880830771371679744,"it is disappointing that the government can pick and choose it's social agenda. yet as citizens we are forced to""agree with all""",-1
880862685897871360,racing for a cause in loving memory of the innocent victims of abortion abortion kills a baby choose life,-1
881844375592067074,the generation marched at the #rallyforlife in dublin.,-1
881905644273635329,congratulations to michael knox of immaculate conception academy in cincy for taking 3rd place at the @nrlc oratory contest!,-1
882185973341315072,it was a great show guys and this #chooseday we choose to be protect ourselves from hiv/aids .,-1
883519382378426369,rape survivor sentenced 30 years prison stillbirth,-1
884574648574373888,"i highly recommend watching ""3801 lancaster: american tragedy"" about kermit gosnell. it's heartbreaking yet enlightening.",-1
884589226184069120,aaron judge was adopted the day after he was born by two school teachers.,-1
885831528126828545,just doing ma thang #prolifegen #prolife #prowoman #fridayfeeling #ilovemyjob @lifecharity,-1
886310405273997312,"and in the us, we're too used to cause death to the unborn, through abortion. but there's a way to stop it: be part of .",-1
887646247473086464,"rather than seeking to please people, seek to be in right standing with god.",-1
887652380602486784,.@prolifeaction good morning! have a blessed day!,-1
890297973657268224,check out our latest t-shirt in our online store. what do you think? kind of western-y?,-1
890605669518278658,stop the holocaust_outlaw abortion!,-1
891071001353736194,will you defend my life when the world argues otherwise?,-1
891327666439245826,parental rights in the u.s. ‚Äî could the charlie gard case happen here?,-1
815376441600856064,wonderful 8th night of #chanukah and seeing in the new year with my beautiful boy.,-1
815450511105105920,mt @patriotjewelusa: we must make the womb safe again!,-1
815607531393445888,$1.7mil in oregon taxes fund abortions each year. help change this: --- #chooselife gen,-1
815979394175041536,"advice from some old people. this is very good, for young and old alike",-1
817389775967711233,read today's daily pro-life reflection: this is my body here,-1
817774303789936640,pregnant new zealand woman undergoes surgery in australia for unborn son with spina bifida:,-1
817902433686978560,@trainspotlive at @thevaultsuk was the most intense and amazing 30th present! thanks @suzport1,-1
822570697314734081,new guttmacher study shows abortion numbers hit historic low in 2014:,-1
822858048658096129,tips for first-time #marchforlife participants --&gt;&gt;,-1
823350957278949377,glad i was able to join in the #marchforlife in #arkansas today.,-1
824273496633147394, trainspotting 2,-1
824934583376437248,.@vp pence and our prez @kristanhawkins recording video yesterday for the !,-1
824953033939357696,we are excited to march with the #marchforlife! please use the #prolifegen snapchat filter!,-1
825014805765316609,my wife's ex-left her pregnant abused &amp; alone. i adopted her daughter &amp; now have a grandson.,-1
825021251651506177,this is not just once a year! a movement is coming! a generation is coming!,-1
825036401959923712,prayers for everyone at the march for life my wish is that one day the world will respect and appreciate all life,-1
825055381701398528,"because noah tried to be born early, the drs said he could be blind, deaf, &amp; lungs might not be developed. what a blessing he is!",-1
825069320401084416,mt @marylene58: so beautiful and angelic. please .,-1
825075663371661313,thank you to @vp @mike_pence for defending the unborn in the #marchforlife2017. together we can speak for those who cannot.,-1
825087584527200257,wish i could be in dc for the march for life rn,-1
825101036134232064,every bit as epic as the first one !,-1
825109260140961794,together we will end #abortion! #whywemarch gen,-1
825127291005104129,on way home after seeing #t2trainspotting again. and before you ask..... yes...i'm obsessed,-1
825836452424609792,"so incredibly humbled every day that this sweet girl calls me mama! #chooselife best gift i ever received was you, sweet lily!",-1
826869192888578049,"so proud of @izzy__g, mr. brashier and all the @sba_socialmedia for outstanding job! #prolifegen #istand4life @march_for_life",-1
826895496434311168,[ ps i promise i actually smile!!!! ],-1
826919561316413445,more to come from this great day!,-1
827299849188081664,"a beautiful, encouraging message!",-1
827977293159133186,"@irvinewelsh sacraficed watching the happy hammers footy link today to finally go to watch this ""bewty"" wasn't disappointed",-1
829374303070195713,leave the ‚Äúclump of cells‚Äù alone.,-1
830129345129750529,priests for life to protest planned parenthood tomorrow,-1
832630024775667712,amazing new technology shows life in the womb at 20 weeks in incredible detail.,-1
833003878622883840,"just had pancakes. ""but it's not pancake day yet!"" i hear you cry",-1
835960202621042689,december tshirt. #chooselife #art is my life. fabulous array of spatters and marks. love #fashion love #painting x,-1
836167819129675776,#chooseargyll #chooselife #choosework find a house and a job on our dedicated page #argyll #live #work click,-1
836730756013654018,"we're live from the ""kids' table"" at @ignatiustarpon. full house for @abbyjohnson; stop by if you're in the area! #prolifegen @prolifefuture",-1
836963424684785666,mt @patrioticgirl86: keep me safe lord from the hands of the wicked.,-1
836995207237419008,there are no accidents with god!,-1
837090486137544704,mt @politicsiswar: for convenience...,-1
837105526068527104,why #women should tell their #obgyn if they have had an #abortion @lifenewshq @daveha,-1
837113045520244737,mt @karee_news: you can do something try to touch hardened hearts and,-1
837132843625017346,mt @karee_news: you can do something try to touch hardened hearts and,-1
837299652223451136,make your mark_prohibit abortion!,-1
842133942501273600,watch #ewtn #prolife weekly #friday at 11pmet!,-1
842139796394803200,mt @amenditusa: halt this madness_outlaw abortion!,-1
842177643109855232,mt @amenditusa: we the people end abortion america!,-1
842580492931252225,everyday brings new choices!,-1
842869475674374144,@reaganbattalion 1) who is @tomilahren 2) @tomilahren needs a biology lesson. not your body. in your body.,-1
844188304107016192,"well done, !",-1
844302109721968640,wow! the ladies 80s night has sold out. well done if you got a ticket. see you there!,-1
845001780916293632,the #prolifegen is what they are today because of @students4lifehq. grateful for your dedication to life!,-1
845579344156082176,oaf tae see trainspotting live again!,-1
845699528120582145,did senator dianne feinstein accidentally admit that abortion takes human life?,-1
846734620452376576,are you a part of the #prolifegeneration? do you wish to become a #prolifeyouth blogger? apply today!,-1
846883185690656768,#prolifegen news: constitutionalism originalism is still a thing,-1
847147038076645377,four dishonest ways to argue about,-1
848014639107637248,"behold! god's polaroid shines rt #poetryinmotion #poet #poeima #prolife #chooselife, the #dinosaurs did",-1
848601141533442049,demain c'est lundi. #petitcoupdepoucedimanchesoir a like for,-1
848757872712437760,"#iowastate #prolifegen want facts on iowa pp and webcam abortions? come to free @suethayer talk: april 4th, 7 pm.",-1
854763323664941056,faces that come to my mind when hearing arguments in defense of abortion. we must protect and defend our next generation.,-1
855114848551743488,every interaction with my niece leaves me so overwhelmed with joy. she is truly such a blessing from god!,-1
855665858755969028,"i have mixed emotions. i'm impressed as hell too, tho. choose nostalgia.",-1
857349887393968128,why are abortions tax-deductible?,-1
857364468820529153,mt @awakedeborah: fearfully and wonderfully made! by god.,-1
857409137864527872,"@ashertheallman @missouristate thank you, asher, for helping us be a voice for the !!",-1
857997503731449857,"can someone explain to me how killing helpless babies is ""womens' healthcare?""",-1
858229373488349184,fiona bruce mp describes parliament‚Äôs failure to value the unborn.,-1
858779751275778053,see how oregonians want to spend $1.7 million to help pregnant women in need: - -,-1
859171831118299136,mt @politicsiswar: for convenience...,-1
859864368984489984,"#yourchoice ""i have set before you life &amp; death, blessing &amp; cursing: #chooselife that you may live."" deuteronomy 30:19 dr gs linton plz rt",-1
862487374399492096,a big thank you to @clcyouthprolife for organizing the #marchforlife candlelight vigil,-1
862759158139035650,#momsdontneed to be told #abortion is their best option. help is available if they,-1
863695914854232064,"today is another good opportunity to make the decision to renounce sin, accept jesus into your life. choose life today",-1
864105032064667652,epic #chooselife motivational start to @nclstartupweek thanks for the book @bradburton !,-1
865283892986740736,what a beautiful video feat. christian ouimet and the capital city condors,-1
866081052426735616,pregnant at 18. hailed by abortion foes. punished by christian school. via @sherylnyt,-1
867070862117265408,@angela_infidel frightening stat. abortion is murder.,-1
867848763288809472,"we agree, and so does the @ctrmedprogresss.",-1
868186762916630534,brave and inspiring mom with cancer refuses abortion and gives birth to healthy twins,-1
868792239656513536,take a new path_let the unborn live!,-1
869593407932571653,"@ppact is super proud of their 300 campus groups. well, we have over 1,140. the #prolifegen is winning.",-1
869659908416917505,amazing photos of preborn babies in the womb show that life begins at fertilization:,-1
869969953658728448,"""don't let numbers define you despite a scale, or checking account, #chooselife just focused on one thing to be active, healthy and happy.""",-1
870603536404557824,"see, i set before you today life and prosperity, death and destruction. [deuteronomy 30:15]",-1
872174941042606080,".@thepengineer and i hae just ben tae @the_lowry #salford tae see #trainspottinglive, ye ken? brilliant!",-1
875059566320472066,"if this doesn't convince you that #popefrancis is a fraud, nothing will.",-1
875728425587290112,anyway. how about a palette cleanser? because our goobers are the best goobers,-1
877377077137162242,#plannedparenthood needs to get used to #losing. #sin will cost them far more than they can afford to pay!,-1
877601653683310592,"#pinkout yeah, planned parenthood just pinked out nearly a million dollars &amp; lost their .",-1
877666710202990592,mt @amenditusa: halt this madness_outlaw abortion!,-1
880420796912586752,thank you @refinery29 for covering this story - an absolute must-read.,-1
880532359019347968,come together and fight for life.,-1
880853278917091328,"#chooselife choose life is trending, how cool is that?",-1
880861017101807616,"mt @march_for_life ""'i'm a mother today because my mom chose life!' beautiful!""",-1
880953472597852164,great to hear @maz240708 on @bbcnolan talking about the fantastic services @life_ni offer women facing crisis pregnancy,-1
885020916908003328,good morning! may every morning make you want to get up and live.,-1
886942673986347008,@momo_sandiego @grnlakegirl @hmgivingsoul @suziday123 @lifewithjohn @jenniferpilates @always5star @pismoeyedoc @eatlivetraveldr @cattmccreary @gary_hensel @lorimoreno @rockyourmessage now is the only time that truly exist...its the only place you could ever be!!! so why not life,-1
889274708750991360,"i'm getting a lot of compliments on this shirt, believe it or not.",-1
890996615070220289,"health board buckles to pro-abort pressure, forces pregnancy centers to post false signage:",-1
891300750630031362,uphold prudence_prevent the carnage!,-1
815375648562679809,happy new year everyone make 2017 the year you go to that gig !,-1
818140470555607040,will we be seeing you at the walk for life west coast?,-1
824269240370921473,would ewen bremner and robert carlyle choose the 1990s or 2010s? watch their quickfire quiz with @minniesteph5,-1
824368518594523137,always the tax payers fault. our fault we don't want to fund abortions and our fault we can't afford adoptions,-1
824676705742782470,the media may ignore the #marchforlife but the white house is now in full support!,-1
824695385994235904,so many young people standing for life! thrilled to be joined by pro-life youths today.,-1
824745622620114945,the #prolifegen brings a beautiful perspective to pro-life movement. may we follow their example.,-1
824820539399225344,#prolifeyouth at #livg2017 if you have photos from other rallies send them!!,-1
825004484703162368,it's @march_for_life day!! meet us at the corner of 12th and constitution.,-1
825007808307462144,the #mass4life joy has poured out into the streets as the #prolifegen heads to the !,-1
825015662116532224,#whywemarch because we love life,-1
825050605488111616,17-year-old brittany benz is standing up for the voiceless today at the #marchforlife in d.c. - this is the,-1
825057728456425476,if only the left believed the womb was a sanctuary.,-1
825125957698596864,mt @karee_news: you can do something try to touch hardened hearts and,-1
825161135318040576,blessed to have been part of such a powerful event ü§ó #chooselife @erineporter_,-1
825380166704693248,"news flash: iuds can end the life of a human person, a zygote. google it.",-1
826227526586429441,selfie for life,-1
826252244739776513,just a few photos from our 2017 #marchforlife trip! we are the #prolifegen &lt;3,-1
826508663196119040,this friday at the ad. ¬£5 entry includes 1 drink. ¬£10 entry includes 3 drinks. doors open at 2230,-1
826836576588165120,brilliant @hannahb4livimp speech in #brexitbill - w apols to #trainspotting - the choices scotland didn't make: we #chooselife in the eu,-1
826837694093332486,"we are the #prolife generation ‚Äî we are stronger, more united, and more diverse than ever before",-1
826859183236489220,mt @karee_news: you can do something try to touch hardened hearts and,-1
828609760714973185,the march is over. now what?,-1
829179129450864646,very thankful to say i graduated from a school that taught me how important life is,-1
829243575313506306,time to roll my sleeves up and get shit done!,-1
830734049035563008,the #left claims the future is female while they #standwithpp and kill 450 girls a day,-1
835570616006770691,we've got students and community members going through the @swadvocates training today!,-1
835893335462072321,couldn't be prouder to call these pro-life feminists my friends! (disclaimer: i don't agree with everything in this article),-1
836743035320872960,mt @awakedeborah: fearfully and wonderfully made! by god.,-1
836954321187004418,mt @karee_news: you can do something try to touch hardened hearts and,-1
837075198788657153,vatican insider 02/25/17: janet morana talks to joan lewis about norma mccorvey,-1
837108956484902912,mt @marylene58: so beautiful and angelic. please .,-1
837120082887094273,mt @awakedeborah: fearfully and wonderfully made! by god.,-1
837126570498113539,mt @awakedeborah: fearfully and wonderfully made! by god.,-1
837463466193596421,"""no man has ever judged a woman on her eyelashes""",-1
837796004111974406,choose progress #wrestling 2,-1
842440422446239744,"""pro-life day"" in the alabama house of representatives.",-1
844924933247569920,great to be part of the #choicesforlife event @libertonhs,-1
845333663755747329,my @t2trainspotting illustration runs in today's @detroitnews. grab a copy!,-1
846090987101409282,it was such a privilege to join with these epic young people in madrid for the 1st congress by @masvidaeu!!!,-1
846091659037347840,join with @students4lifehq's campaign to #defundpp! gen,-1
846923194921603072,it's time for @housegop and @senategop to tell @ppfa to gfy...,-1
847315541719003137,i had a shite covered naked arse in touching distance. #chooselife choose #trainspottinglive #micf17 @sometimesmelb,-1
847405560274092034,journey wisely. #qotd #alexelle #choices #chooselife #chooseyourself #appreciation #bekind #bethelight @aliyahobrien @_carrienet_ @iced17,-1
847684235867574273,@realjameswoods i am thrilled to hear this!,-1
847863802066612224,@thegmcollector happiness is receiving my #georgemichael jive talkin' cd today! thank you!,-1
847971757545979904,i think we are born in direct response to a plan god has. life is hard when we don't discover god's plan.,-1
847985480067149824,verdict: a worthy follow-up to an all time fave. and i'm still madly in love with @mcgregor_ewan,-1
848262655009632257,my mate lance posted a heartbreaking link ( and i made this thing about it.,-1
852507853944307712,choose life t2trainspotting,-1
853242377523392512,make it legal_unborn right to life!,-1
854660782260314113,mt @patrioticgirl86: keep me safe lord from the hands of the wicked.,-1
854784207133876225,mt @humancoalition: i chose not to view your life as optional.,-1
855243216806854656,"in my vida loca, i never choose between @ricky_martin or @kateupton. i choose @ricky_martin and @kateupton.",-1
857370814861123585,mt @marylene58: so beautiful and angelic. please .,-1
857662894590361606,"all life deserves respect, love, and support.",-1
858049033918713857,rabbis resist the @nra-#trump agenda to make it even easier for dangerous people to get guns #chooselife #disarmhate #nraam @rabbisagstgunv,-1
858756609283108864,"after he is told to save some babies, abort others, doctor becomes pro-life:",-1
858776887350276096,"mt @amenditusa: new mood,new plan. let america decide!",-1
859032687687892994,give the unborn a us bill of rights!,-1
859052393597730816,things work out best for those who make the best of how things work out.,-1
859180848863563777,"#prolife leaders ‚Äòsock it‚Äô to #plannedparenthood with 196,543 baby socks",-1
862246045505474561,i was @artsdepot for the tech rehearsal and a great show of #trainspotlive by @iyf_theatre yesterday. check it out this week!,-1
862309215888486401,mt @amenditusa: we the people end abortion america!,-1
863023428814721024,for every child aborted there are 2 families willing to adopt it,-1
863795691642126336,"a beautiful piece. well done, sir @joebrolly1993",-1
864214789169573890,#donalwalsh was an incredible guy - his mother is an amazing woman with a powerful message,-1
865238412982439940,congressman @bradwenstrup: younger people are more #prolife than previous generations. #prolifegen @frcdc,-1
866006553593344004,an absolute joy to be at #march4lifeuk today. we are !,-1
867404299239870466,"tonight @trainspotlive debuts in northern ireland, home to our company stage manager @collinstini! @iyf_theatre @themacbelfast",-1
867542723204665344,"so @slate called us ""feisty."" love it!!",-1
867783231722205184,‚Äúabortion doula‚Äù says she provides emotional support to women who kill their children,-1
867783249082404865,sign the petition: the us supreme court must repeal roe v. wade,-1
868089533455372289,the stunning callousness &amp; lack of respect for life is infuriating &amp; disheartening. it is grotesque.,-1
868091956966174722,woke up to this awesome review! #thankyou felicia!,-1
868154010611707910,very honored for @repchrissmith to join capitol conversations podcast w/ @traviswussow &amp; i.,-1
869556554172858368,wemustlistenreverently2wordofgod2change #cultureofdeath rt,-1
869708318586978304,"""choose life.""",-1
870087119389298689,slaughtering babies is a billion dollar business...here in the us! let that sink in......,-1
871715402480582658,"""stay local, work local, get connected"" #chooselife #freerangehumans @icswansea",-1
872913893181591552,#olympic gold medalist: i had an #abortion that ‚Äòseemed like no choice‚Äô and it ‚Äòbroke me‚Äô,-1
873510272639619076,"life is full of choices, but your ability to choose should not interfere with my existence.",-1
877315213598625792,the world is full of people who hurt with words. but you can give words that heal.,-1
877598313251393537,the abortion narrative tells us that some people are more worthy than others. we say #lovethemboth. no to !,-1
877608815251861504,this is why we fight for life!,-1
879765027988885508,great to see the #prolifegen in action! @lifesite,-1
880490201474269186,"right, now that i have guarantees from greg, who is up for interactive ?",-1
880614240859680768,"same age as my son. which makes it extra tough. please people,",-1
880756779541385216,bbc news - terry gobanga: 'i was gang-raped on my wedding day',-1
880790587963846657,taxpayers are funding animal tests for homemade abortions:,-1
880820778312376320,i am disappointed in today's veto of the #chooselife license plate. the voluntary contributions wld have supported many michigan families.,-1
880821076787417088,this is very disappointing.,-1
880830493125734400,#prolife doctor fights state law forcing him to act against his religion @theblaze,-1
880864650379878400,"choose life if you're reading this hashtag, thank your mother for choosing life!",-1
883224034552541184,a new dryvve through event at the @cairncentrehub brought to you by @justbeedramatic,-1
885870477796925441,celebrating #adoption day with my girl. lots of shopping &amp; lunch! remember adoption is always an option.,-1
887737346090782722,"@animalpenpals @animalequality uuuugh. so sad, so vile. and people call us crazy because we want no part of it. life",-1
887766106429038592,california judge slams state law forcing pregnancy centers to promote abortions,-1
888096529608822784,"‚Äúi am not suffering. i am not ill... please don‚Äôt try to kill us all off.""",-1
888800167306067968,stunning images of preborn children show that human life begins at fertilization,-1
815364155737653248,mt @testisfidelis: women are not ragdolls. they can practice selfmastery.,-1
815603500507922433,"if you find yourself facing an #unplanned #pregnancy in 2017, don't lose heart, the #best is yet to come.",-1
815667046897827840,"tonight the darts, next weekend the alps, end of january is vegas baby for @realcframpton",-1
816598371704127488,my favourite hairdresser,-1
817722388251078657,such a good time at @tropicanaldn with @callahanmusic_. celebrating the life of the one and only @georgemichael.,-1
818387932692279296,we are only a few weeks away now from #t2trainspotting #chooselife @irvinewelsh,-1
819641396957159425,how are you #prolife? send us your story! communications@ewtn.com,-1
819937588815478785,dog meat is a delicacy in some places. pig meat in others. no meat is necessary for human health or survival.,-1
822115177030176768,absolutely. i gladly join #virginia mourning lives lost to abortion.,-1
822916166238748672,defend life. every life is a gift from god. that message from our lady of peace family.,-1
822917518159294465,"pro-life, pro-women, pro-love",-1
824491578974674945,#adoption is an option! thanks @wendys!,-1
824700454168825858,"do your job, #media cover the #marchforlife in washington on friday!",-1
824973334291025921,#usbishopsforlife are here to celebrate mass with the #prolifegen! #mass4life #istand 4life,-1
825025232549380096,"i am the #prolifegen because if my grandma had listened to her peers and had an abortion, my dad wouldn't be here today and neither would i.",-1
825035939575631872,"back in the cinema, ready for . . . t2: trainspotting",-1
825049825775321090,the #marchforlife is next!,-1
825064659959046145,2017 march for life.,-1
825079789899874305,"in honor of it being the #marchforlife here are some pics of my adorable niece, life is a beautiful thing no matter what stage",-1
825732988457598977,"off to see @sickboyt2 @trainspottinghq @t2updates @t2trainspotting again tonight. twice in two days, it really is that good",-1
825895687707582468,"march for life‚Äôs young generation brings joy, promise #whywemarch #prolifegen via @washtimes @rebeccahagelin",-1
825978824374509568,'silence is the simple stillness of a person before the word of god' - dietrich bonhoeffer,-1
826158091846680576,catholic university students march as witnesses to life at,-1
826307086245957632,the world outside of the us continues to progress.,-1
826461184647897088,#rallyforlife: #prolife supporters gather in greenville #prolifegen #savethebabyhumans #endabortion @reflectornews,-1
826600377902592000,thank you .@potus @realdonaldtrump for this outstanding nomination of .,-1
826853808248549377,mt @humancoalition: i chose not to view your life as optional.,-1
828826299644915716,"first you make your choices, then your choices make you.",-1
831071817825656832,some great coverage @bbcscotlandnews covering @lomondtrossachs @bbccountryfile,-1
831751439353577472,"#chooselife choose #trainspotting2 frantic darkly acute comic thrills, still processing something special for connoisseurs of 1996 original",-1
833783294298775552,original roe v wade mum who later became pro-life dies:,-1
834805315929522176,"""the only thing (abortion) was guaranteed to do was end the life of my daughter.""",-1
835284760930873344,"oh, i like that... ""join our hands in goodness."" i agree. let's.",-1
835500936244117504,keep me safe lord from the hands of the wicked;,-1
836103827015229440,from the archives: guest post by katherine marple @keeplifelegal,-1
836455845944647680,a great day for mothers &amp; babies in qld! there was never enough support to pass this dismal abortion law!,-1
836544705856851968,"#trainspottinglive - anarchic, confronting &amp; poignant. go see it!",-1
837060821154832384,#ectopicpregnancy: it‚Äôs not always a death sentence,-1
837092594874204161,mt @patriotjewelusa: help save most innocent among us!,-1
837093906651086848,mt @patrioticgirl86: one day.... you will wish you had me,-1
837292944340185089,students for life advocates for the pro-life movement on campus,-1
837395417801322496,.@my_ccu students participate in @students4lifehq chalk for life day! @mikaylemarie,-1
838106199497322497,this has to be the new introductory sequence to trainspotting,-1
839210772731478017,pd sid @polscotdogs &amp; @cluedupproject presented to our choices for life youth group tonight helping raise awareness about drugs,-1
840322093694779394,canadian prime minister justin trudeau: opposing abortion ‚Äútakes away women‚Äôs futures‚Äù,-1
840697749293129736,"priests for life youth director, bryan kemper speaking at staten island youth fest 2017",-1
841675332881129473,former #plannedparenthood manager explains what it's like to assist w/an abortion.,-1
843033343822315520,@exwhuemployee can we get retweet for all belgian irons who are forced to drink beer from 8. and we got carroll on the coach,-1
843449775345287169,abortionists' meddling causes prolifers to lose lease read more at,-1
845593740987154433,class act from the cast of #trainspottinglive head to @fortyfive_ds to catch a frenetic &amp; creative piece of immersive theatre,-1
847075935320989697,the painful reality of dismemberment abortions tearing off a baby‚Äôs limbs:,-1
847396407430467584,holiday in #oz just getting better @carlycarlzb74 took me to #trainspottinglive #omfg #chooselife great cast - blown away,-1
847441851367866369,the beautiful wanda ( far right) living proof that a broken spirit can be healed with love and patience.,-1
848179762967326721,"why are most conservatives #prolife? because at its core, protecting the unborn, who have no voice, is about liberty.",-1
848331847721406465,"mt @amenditusa: new mood,new plan. let america decide!",-1
851244128369340419,so @ppact still has direct access to the @whitehouse? sad!,-1
854105869482577920,every single person is important in this world.,-1
854172397447938049,believe in yourself.,-1
854569640563027968,the fact that @karenhandel is #prolife is a good reason to elect her in #ga06 runoff on !,-1
855093763932377091,thanks @jillhennessy for supporting #empower54! #africa #loveisstrength #chooselife #empower54 @katgraham,-1
856117297831956481,#life is never the wrong choice. for real help &amp; #support visit,-1
857106286697213952,mt @amenditusa: we the people end abortion america!,-1
858378759912644608,"hey hey, ho ho, roe vs. wade has got to go.",-1
858681043733233664,mt @amenditusa: halt this madness_outlaw abortion!,-1
858856507261276163,"mt @march_for_life ""2017 march for life conference ¬© emily green, all rights reserved"" gen",-1
859034186740584448,never be afraid to stand alone.,-1
859105543020871681,#stemacademy administrator on leave for screaming at #prolife teen,-1
859121353445834752,me n dad looking well cool,-1
861355024764592129,"say #chooselife! choose #renton, choose #trainspottinglive coming to a town near you - go see it!!",-1
862940462658842625,"in the media - @spucprolife: ""leaked manifesto: labour will ""extend abortion to northern ireland""",-1
864197840964341763,"wise words from wwii hero, sophie scholl.",-1
864692973727997957,the gen has some momentum going on...i mean some,-1
865920439423565825,only 3 shows left @brightonfringe get on it before it's too late.,-1
866091662509981696,mt @amenditusa: halt this madness_outlaw abortion!,-1
867707884477566977,"pro ""choice""? read this. all of it. this is what you support. there's still time to turn around.",-1
867887845028937728,mt @amenditusa: halt this madness_outlaw abortion!,-1
868089360964628482,five of my workmates are off to @trainspotlive tomorrow night after hearing my buzz about it top show!,-1
869547118331125761,restore morality_exert us democracy!,-1
869663797501460481,#ussenate we want #prolife #budget #now rt,-1
870061061918965760,mt @amenditusa: we the people end abortion america!,-1
870065725389520896,mt @marylene58: so beautiful and angelic. please .,-1
870068317381287936,mt @politicsiswar: for convenience...,-1
870084431268032512,mt @testisfidelis: we want #prolife now.,-1
870278427210903554,ya beauty! our @irvinewelsh #trainspottinglive hits my home town of falkirk! only pre fringe scottish date. @falkirkcultural,-1
872701027073576960,"please vote. when u do remember if there is no planet to live on, all your hopes and dreams are worthless. there is no future.",-1
873341473726627841,olympic track star reveals crushing abortion ordeal:,-1
874732809017020422,people of oxfordshire. do yourself a favour - #chooselife and choose an effing ticket to @trainspotting at @artsatofs,-1
875574644010475521,@notjudgin @sharkman690 @sbf00293203 @rhondalewis3 @emmanuelobi476 @sinsel2 @gj76171716 @carole77777 @trinitysfaith @spawnofsatan79 @elizabethslau16 @67chester @tea7cher @boakyejames8 @anitalea1 @rintide @bobonfarm @sandihkaye @richnchrist57 @endtimeslife @nh_hockey_12 @gregpettys @oneitah @victordbest1 @mcdougaldr @alisawoodard6 @annamagnelli @4u2hope @sprec61551 @aheartofvirtue @beverlyfelix3 @bam_4g_radio @lordjesus111 @keenebeverly @darhar981 @oliveicarlos @billiot_sue @bexyevans1 @jesusbranch @hleradio @toribridges10 @karmalchambers @maryjohopkins5 @doucefeline @iriley0222 @godsgrace57 @bonniem1015 @beachcattt @along_w_jesus @theism_sucks let everything that has breath praise the lord #chooselife &gt;&lt;&gt;,-1
876460040428937217,"‚Äúwords kill, words give life; they‚Äôre either poison or fruit‚Äîyou choose.‚Äù proverbs 18:21 msg",-1
879067177911025664,@senrobportman #hellervoteno vote no... no cuts to medicaid. some americans did not ask to be poor or disabled. they have human rights..,-1
879418861468229633,"life is the right of every child, not a special privilege for the fortunate, the planned and the perfect.",-1
880078797651021824,amazing pro-life high school students stand up to planned parenthood clinic in their school,-1
880470757117231104,a refreshingly honest look at the pro-life movement as it stands today.,-1
881359202437832704,what!?? #vatican statement on baby condemned to die is frightening,-1
884168313529651201,my dad's adopting parents got to meet his birth father for the first time this weekend.. so cool &amp; makes my heart so happy.,-1
887282106023505920,‚Äúanyone who loves peace cannot tolerate attacks and crimes against life.‚Äù,-1
887493170774372352,@seattlestorm time to boycott the storm and wnba,-1
887960467389517825,good way to let others know about the rosary of the unborn. please spread the word.,-1
888118175874691072,#pleasepleaseplease #chooselife &amp; not #death when #troubles #sufferings #plagues #you. i know its easier said than done but,-1
891368198758580224,mt @patrioticgirl86: keep me safe lord from the hands of the wicked.,-1
815366704393949184,mt @karee_news: you can do something try to touch hardened hearts and,-1
815370039985577984,#happynewyear i've done this shit 32 times already.... but this one was simply bless,-1
815396907363274753,mt @marylene58: so beautiful and angelic please .,-1
815412000192745472,mt @karee_news: the life you carry may be the answer to future hope,-1
815415155416858626,you have to be one sick individual to advertise that.,-1
815689418082320390,this literally makes me sick to my stomach. it is more important than ever that we are raising up the,-1
818155922002419712,your body is your god given kingdom...used to show god if you are a good or bad ruler,-1
819334228257239040,"#ewtn is looking forward to seeing @students4lifehq at the @march_for_life, @walkforlife and @1lifela!",-1
819361969199316993,"love is a verb. if you #love animals, don't eat them.",-1
819951153282682886,thank you @sherylnyt for article on the @march_for_life! can't wait too see @kellyannepolls!,-1
820304095953174528,"if we don't allow god to wipe away the sin from our lives, our sins will wipe away our desire to hv god in our lives. #chooselife &amp; freedom.",-1
822082976192217089,the leftist-pro-abortion-christian-phobic man-hater-soros-puppets-who-happen to-be-women-march,-1
824023879681187841,today the house of representatives passed hr 7 making the hyde amendment permanent &amp; blocking taxes from funding abortions!,-1
825015617367400448,"we were #blessed to adopt this little guy through foster care. i have a son, he is everything to me.",-1
825096007390224385,no better way to close out the week then by welcoming @catholicmiami @encjuveniles group #marchforlife! gen,-1
825125928279875584,adoption &gt; murder,-1
825130697136431108,#trainspotting2 #legendary #dannyboyle is a total master of his craft @mcgregor_ewan @robertcarlyle_ et al are exceptional,-1
825161703855898626,#marchforlife was huge success! keep showing your #support w this tee @,-1
825369250286153729,‚Äúevery one of you is born as such a time for this‚Ä¶set the world on fire!‚Äù @reggielittlejhn at cardinal o'connor conference,-1
825379538523799552,with @daviddaleiden locked in a media tent behind stage at the #marchforlife as we await the vp!,-1
825479272634671104,occasionally you have to let your hair down. 4 glasses of @jackdanielsuk honey has helped me achieve that.,-1
825907589036793856,march for life,-1
826082697130999808,an important lesson to remember going into a new week. #loveisalwaysvictorious #lovetrumpshate #chooselove #chooselife @caitrionambalfe,-1
826226100262965249,mt @humancoalition: i chose not to view your life as optional.,-1
826232606236696577,a leftist friend from college said i used to be open minded-meaning either i used to agree with her or i had no convictions then,-1
826245669891477504,"15 and #pregnant. she almost #aborted her son, but she chose .",-1
826341627807539200,@t2trainspotting is by one of the best films i've seen in recent years!,-1
826372886596304896,#chooseday: #chooselife and celebrate yourself. allow @khabonina_q to show you how it's done.,-1
826522206796709892,did you spot our edinburgh store in the new @t2trainspotting film?,-1
828272662732537856,pro-abortion protestor puts her sign down &amp; picks up a #prolife one. here's why.,-1
828753396995854336,#prolifegen news: the one where missy almost vomited,-1
829724225942540288,#prolife counselor meets twins saved when mom cancelled #abortion appointment @lifesite,-1
829955350526832640,#chooseargyll #chooselife some randoms of #argyll free iphone app argyll in your pocket all day every day,-1
830211386227687424,this faith-based news outlet interviewed us at the @march_for_life. check it out:,-1
831219705050456064,must've listened to 'born slippy' about 100 times since seeing @t2trainspotting,-1
833838406731972609,our nicquid order finally arrived!! ...,-1
833930044976140288,it's time we evolve when it comes to abortion.,-1
835043760195133442,"insulating, sanding, painting, gluing, carving, gardening; our carriage restoration world is never dull.",-1
835916213804883968,#stopislam. #realfeminists. i am going to say this loud and proud. i hate everything about what lying muslim women.,-1
835926092791877632,we want you! glad that some of us had the opportunity to attend today's conference,-1
835962964800901120,"with one of my new heroes: @repmarkmeadows. we are the #prolifegen, and we will !",-1
836056655288647680,#life giving democracy in action from the #prolifegen because #itsnot1899 and we believe in #realchoice #qldpol @timnichollsmp,-1
836096568503619585,"proabortion #qlppol, who have their heads in the sand, say this doesn't happen. babies deserve better than abortion.",-1
836993762718932992,mt @awakedeborah: fearfully and wonderfully made! by god.,-1
837055533781680129,mt @patrioticgirl86: one day.... you will wish you had me,-1
837114823590567936,"mt @amenditusa: time for new mindset, abolish abortion!",-1
837272425419112448,this is so important to me. #suicide remains the biggest cause of death in men under 50 in scotland &amp; close link to deprivation,-1
837332983271010305,how assisted suicide discriminates against the poor and disabled:,-1
837463606103011329,ever wonder where pregnant women and their families would go when planned parenthood is defunded?,-1
837483947382697984,"adopted at birth, 10-year-old boy already giving back to local pro-life effort:",-1
837853889235931137,why abortion reversal can and does work:,-1
840159481686179840,#trainspottinglive was amazing! go see it .,-1
840388892822032384,haha,-1
843905849210929153,one unplanned pregnancy saved us all,-1
844955503503560706,"for 10 years now, @students4lifehq has helped educate a #prolifegen &amp; defended the most fundamental human right, the right to life.",-1
845018730463580160,hey this just looks waaay too good @notthejonbarnes @missecopland @paulwdiggory,-1
846899736908988416,pro-choice therapist: some men ‚Äòcarry a great deal of grief‚Äô over abortions:,-1
847779389144154117,@slu_ryan you have to go see #trainspottinglive when it comes to brissy.. live nudity and swearing - right up your street!,-1
847916283509301249,we crashed @ppact's #pinkout event in washington dc. see the full video at,-1
847935780559372288,vice president pence's tie-breaking vote for life and what it means,-1
848098389594079233,see how oregonians want to spend $1.7 million to help pregnant women in need: - -,-1
848233048500035585,find us on facebook for even more news and photos from @bethlehemhouse_!,-1
848999324222709762,don't miss @reagan_sfla on @ewtnnewsnightly tonight at 6/9pm et talking about the @hbo premiere of biased #abortion documentary,-1
849273569020268546,mt @awakedeborah: fearfully and wonderfully made! by god.,-1
849279982065131521,the power of god will change your life. but a car won't go far unless you press the gas pedal no matter how big the engine.,-1
854653018389700610,"great seat @trainspotliveau right behind toilet fantastic show! hilarious, gut-wrenching, and brutal",-1
854794669930168320,mt @awakedeborah: fearfully and wonderfully made! by god.,-1
855228345398599680,our @irvinewelsh @trainspotlive tickets on sale for the edinburgh fringe today!! exciting new venue! #chooselife its gonna be mental!,-1
856915586235891712,@gop @dnc #unborncivilrights because in a civilized society no one has the right to take an innocent life.,-1
858646578030034944,mt @karee_news: you can do something try to touch hardened hearts and,-1
859007752764608512,having luxuries is great luxuries having you not great or good you can't serve god &amp; mammon you will love one hate the other,-1
862330889107369986,christians are leaving the girl scouts over its connection to planned parenthood,-1
862412265621921792,i defend the life of the #preborn because they are people as much as any of us already born.,-1
864763569811865601,mt @patrioticgirl86: the greatest destroyer of love and peace is abortion.,-1
865908405747294210,@march4lifeuk #prolife #march4lifeuk #prolifegen #prowoman spot the !,-1
866087390242193411,mt @amenditusa: we the people end abortion america!,-1
867924286035550208,"if you are neutral on situations of injustice, you have chosen the side of the #oppressor #desmondtutu #chooselife fight for a",-1
869206800767299584,#abortion activists throw smoke bombs at #prolifers to disrupt #marchforlife @lifenewshq,-1
869217821200404480,the no-holds-barred production of trainspotting is here this thurs-sat. for more information:,-1
872497420978065408,having a drink with 'spud' @domeedinburgh after my chat with him for @wearestv2 ewen bremner was brilliant. thanks mate.,-1
873208097715736577,‚Äúi'm proud to support life‚Äù: @ericgreitens calls for special session to defend life.,-1
873669781030932481,wow. what a show. that is what you call art! pure quality! go see @gregesplin @iyf_theatre @trainspotlive,-1
878639131013808128,@southernkeeks my story. tested positive in utero for trisomy 18. here he is 18 years later.,-1
879030255692001280,"... say no to the guilt-ridden, idiotic, self-defeating mindset that thinner/lighter/smaller is better. you deserve more",-1
879878291989168129,another planned parenthood failure:,-1
880426297243172864,we open #trainspottinglive at the famous @leadmill in sheffield tonight!,-1
880589335778787329,"in 38 states, this baby could still have been legally aborted.",-1
880798595385106432,‚Äúanyone who loves peace cannot tolerate attacks and crimes against life.‚Äù,-1
880963873670606848,@gchristiemd @edwined1667 @ppact satan has drawn the line and the #faithful must decide whether they affirm a culture of death or the culture of .,-1
883338683750825984,rt if you support #personhood for the .,-1
883399547405217793,#whatsprolifeabout it's about defending those who are too small to defend themselves &amp; it's giving a voice to the voiceless,-1
887492455699894274,so inspirational. so emotional. so real.,-1
888133027842445312,rip @chesterbe. thank you for the incredible music and sharing your suffering with the world.,-1
888150535118958592,"please, #stopkillinganimals for food, fun or clothes! ~",-1
888384779808387072,the way we‚Äôre conceived is not what determines our worth as a human being,-1
889913892243111936,when grace told sienna to #chooselife in #hollyoaks i wanted her 2 give it the full #trainspotting speech!!,-1
890187919935275008,"good day lovelies! let's make today a #whamtastic day by ignoring, blocking or muting the negativity!",-1
891289895112540160,"mt @amenditusa: new mood,new plan. let america decide!",-1
891334418924810243,6 inspiring &amp; authentic ways pro-lifers uphold human rights. | |,-1
891375332359454720,mt @amenditusa: we the people end abortion america!,-1
815544926826008576,u.....n.......i.......t......e........d yaaaaanited are the team for me...,-1
816852825854640128,"this mom no longer sleeps on the trains, thanks to good counsel homes!",-1
817173615280095232,"planned barrenhood , not planned parenthood!! the preborn are human, and abortion is violence- it's science!",-1
822789195156652033,trump_god belongs in our public square!,-1
824952207808278532,2 cast of #trainspotting2 to celebrate the release we put something together. congrats from,-1
824963964438208512,#prochoice doesn't make women powerful. taking responsibility for your own actions makes a person powerful.,-1
825042581260206081,today is the 44th annual march for life in washington d.c. #prolife eration,-1
825084288974614528,#chooselife! the #marchforlife reaches the supreme court!,-1
825103435041222656,dr. joseph graham fellows at !,-1
825113461587845120,#adwvideo | watch this #dcarmory #mass4life video and you'll see the joy and energy of the !,-1
825124044542443528,true feminism starts with life #prolifefeminist #prolife eration,-1
825128709384335360,a savage attack didn't stop them from attending the #marchforlife. : : @fox5dc : @nicedeb,-1
825131505894711297,today was amazing! hundreds of thousands of people bearing witness to human dignity &amp; rights for all,-1
825709581720571905,"need another hit of trainspotting? the sequel, #t2trainspotting is out now. here's my review",-1
825760496838180865,so thankful to have been a part of something so great,-1
826232316347420672,anche lana adora bobby can. not. wait. for. this! #t2trainspotting #chooselife robert carlyle ewan mcgregor...,-1
826294697459068930,happiness is acceptance.,-1
826341642953224192,@t2trainspotting soundtrack curated by #dannyboyle might just be the most perfect movie soundtrack ever put together,-1
826341686150385664,"choose to walk into waves, instead of walking into walls - travelrebel ‚Ä¶",-1
826364350533361664,new #trainspotting2 was absolutely unreal,-1
826476166416474112,mt @awakedeborah: fearfully and wonderfully made! by god.,-1
826741384900141056,mt @marylene58: so beautiful and angelic. please .,-1
826809656827850752,. @waterfordit 's #operationtransformation campaign in full swing in the canteen! #horticulture features prominently,-1
828986847829323776,trainspotting,-1
832608019053740032,standing for the voiceless. gen,-1
834067178596999168,the reality of abortion~ you killed your baby!,-1
834402789598040064,"@lewisjj99 good to see you back training buddy, good luck",-1
834591856709230592,one day.... you will wish you had me,-1
834778520974929922,today has been a really good day. i've even been satisfied at myself in fitting room and that never happens.,-1
835128533743710209,cool hike with the kids this morning to dublins highest peak at kippure. even had time for hot chocolate &amp; snacks,-1
836229626754121733,#dakotajohnson advocates #abortion at #oscars #oscars17 with #plannedparenthood pin,-1
836648484736466944,pro-life students will protest barbara bush fundraiser for planned parenthood abortion biz,-1
836686674419576832,"mt @amenditusa: time for new mindset, abolish abortion!",-1
836993229253857281,mt @humancoalition: i chose not to view your life as optional.,-1
837091058353758208,mt @humancoalition: i chose not to view your life as optional.,-1
837116150303449088,mt @patrioticgirl86: the greatest destroyer of love and peace is abortion.,-1
837116402272088065,"mt @amenditusa: new mood,new plan. let america decide!",-1
837117768172359681,mt @humancoalition: i chose not to view your life as optional.,-1
842040888347918336,mt @marylene58: so beautiful and angelic. please .,-1
843135145867706368,@nicolasturgeon - 'you're very welcome in scotland.',-1
844174137383931905,only jesus can heal the pain of .,-1
845058082640220160,"congratulations @students4lifehq on your 10 year anniversary and your 1,000+ campus groups.",-1
845083713314721792,"clergy, community &amp; non-profits at flatbush gardens engaging community about recent senseless shootings. @67clergycouncil",-1
845280523899588608,congratulations @students4lifehq on 10 years of building the #prolife generation &amp; saving lives!,-1
846511249617752065,do you believe life is worth living in every stage? join our team!,-1
847618015776591872,static cling?! check out today's gen news:,-1
847645289095745537,in honor of floor director @realtexasdragon wham's #wakemeupbeforeyougogo blaring pre-show in the studio!,-1
847806656029360128,"pregnancy affects more than a woman. fathers are expecting, too.",-1
848127803291611136,a 25-year-old woman who was not expected to survive speaks out on her mother‚Äôs refusal to abort her.,-1
848917421561831424,so grateful to @danwatermeier for introducing lb46 and supporting #chooselife license plates!,-1
849004622102413312,this #catholic university has suspended a #prolife lecturer for opposing #abortion @lifenewshq,-1
849255016519041024,new #prolife law in arizona. gov signs law to protect babies born alive after abortion. | |,-1
854347454443122689,"‚Äúwords kill, words give life; they‚Äôre either poison or fruit‚Äîyou choose.‚Äù proverbs 18:21 msg",-1
854674593927241728,mt @amenditusa: halt this madness_outlaw abortion!,-1
854694620088815617,mt @patrioticgirl86: the greatest destroyer of love and peace is abortion.,-1
854811732275068928,liz stands with planned parenthood that kills 450 girls a day. don't be a hypocrite like elizabeth warren #chooselife fight for the girls.,-1
857286094655770624,press secretary nicole &amp; former sba intern aidan are ready to #sockit2pp! @students4lifehq,-1
857355523620048897,nationwide pro-life protests to occur this weekend,-1
857471113055526912,mt @marylene58: so beautiful and angelic. please .,-1
857714192522018816,talking about living this life through the holy spirit in which i would simply die without.,-1
858038146084241408,edinburgh. half an hour to survive before getting a wee habit,-1
858365927817175040,unborn life_restore true values!,-1
858419777030803457,congratulations to michael knox (left) who took first place at ohio right to life's annual youth oratory contest!,-1
858636114785181697,a letter to people of #life! rt by #lawrencefox gen youth,-1
858842193833807873,"mt @amenditusa: new mood,new plan. let america decide!",-1
859147008619270145,#moses could not see god'sface&amp;live. now we do #christmas rt,-1
861716785732571136,"mothers, fathers &amp; babies deserve better then abortion",-1
861941217512357892,it's coming! #resistance2017 #interninvasion @createdequalorg gen,-1
862471085064847361,pro-choice woman recounts ‚Äúemotionally scary and dangerous‚Äù experience with abortion pill:,-1
862792294180806657,it was epic! #trainspottinglive #chooselife #5stars fan shot with sick boy @ artsdepot,-1
862833480333504513,"pregnant at 16, i rejected abortion ‚Äî today, i have no regrets:",-1
864919497819512833, for our @irvinewelsh #trainspottinglive at @brightonfringe must end sunday boys and girls!,-1
865917431491022848,already sold out 5/10 shows @themacbelfast for #trainspottinglive with limited availability on the rest! #chooselife belfast!,-1
868274309919322113,victory! maine defeats dangerous bill to legalize assisted suicide,-1
869956468359008256,what one school is doing to counteract the popular show #13reasonswhy about .,-1
870074129143156736,mt @patrioticgirl86: keep me safe lord from the hands of the wicked.,-1
870762285320601600,getting a good night sleep before flying to france in the morning. my chariot awaits @fly2pole @endeavourfund @helpforheroes,-1
871927504252133377,aborted quadruplet babies die with their arms around each other !,-1
872902203618590721,you only have 1 hour &amp; 15 mins left to vote in the,-1
877934310128369669,hi @edinburghcityfc - we got a little inspired by the trainspotting kit video,-1
879055497298665474,my tribute for @georgemichael,-1
879134781740417024,*when someone says abortion is okay*,-1
879779468713361408,attending the #marchforlife last year was affirmation for claudia that she was part of the #prolifegen: @refinery29,-1
879887562894180354,.@gop please vote no on the #bcra and the #ahca. #chooselife like we did and #protectfragilekids by fully funding .,-1
880760076209934337,congress must de-fund planned parenthood immediately petition #prolife #prolifegen #defundpp @lifesite @sflofmass,-1
880859192395014153,@carolfb4 it is so sad that we live in the world where this is actually an issue. #chooselife or death of an unborn child.,-1
880902154692681728,oregon house will vote tomorrow on house bill 3391. please take action to demand: call/email!,-1
882694326777765889,went to see #trainspottinglive tonight in falkirk. best show ive seen cast were phenomenal!,-1
882996117004267520,the #prolifegen stands in defense of baby .,-1
883425772702232577,"@torontopigsave horrendous, keep on doing what your doing",-1
883838222496784385,@freedomchild3 she will be missed. a like gone to soon. rip mary,-1
884830785475416064,@zakzales @hillaryclinton omg! she and all other babies are beautiful!!! thank you lord for life!,-1
884859899859152897,hs in pa denied a students for life group to start. they just got sued. #prolifegen #freespeech @thomasmoresoc,-1
885821270109171712,be a hero and choose life! #beahero #life #chooselife #prolife @redstatewomen @rifrw @crnc @tuckercarlson @floridagop @ten_gop @ncgop,-1
885935685219340289,hanging with the #chewy on this hot summer daze!,-1
886976982440955904,#youngwomenrun: we need you #prolifegen to !,-1
888077314453581824,i was #lovinglife at @lifecharity roadshow today - engaging with so many people about #pregnancy and life in the womb!!!,-1
888536976156119040,at the mid state fair central ca working the #prolife booth representing knights of columbus 2night #smile your mom chose,-1
888680378214567936,let us #pray together now for the unborn,-1
890006937521278976,"tell them: ""we don't want taxpayer funding of abortion or planned parenthood in healthcare!""",-1
869569205988995073,#stlouis ordinance forces churches and #prolife groups to fund #abortions @lifenewshq,-1
826272623629791232,happy quote day 30,-1
815575363111813120,#kumbaya welcomes us to #austriavienna rt #catholiceducation 2 ‚Ä¶,-1
842573244511260672,@sickboyt2 @trainspottinghq who here thinks it's no coincidence that revlon starts this campaign when t2 is released!,-1
826994238462246912,super soft but honestly would not trade this experience for the whole entire world,-1
837731275075174401,50 years of abortion is 50 years too many - young people arriving at #spuc50yc to equip themselves to defend life,-1
889275853271642112, bravo!! there are other options for young mothers than .,-1
855545431283159045,"there's always room for #hope. it has to get better - the way we treat each other, and care about each other.",-1
845063988920668160,"#abortion is not an issue of ""choice"" any more than slavery was an issue of ""choice"".",-1
833860323794939909,demand congress take the #nocancerpledge: pass no law that exposes the people to carcinogens.,-1
859087598538641410,"@students4lifehq delivered 196,543 baby socks to capitol hill!",-1
824961512754311169,i've arrived at the #mass4life. it's good to be here with the #prolifegen. the future is life!,-1
886269130579378176,.@lifecharity slams bpas head for ‚Äòabortion just family planning‚Äô claim,-1
854119484705177602,every life matters and life empowers women we're the,-1
824227081223553024,"with the sequel on friday, see where it all started! #trainspotting blu-ray only ¬£6.99! -",-1
826227479383769088,#prolifefeminist #unplannedpregnancy #chooselife #abortion pregnancy and parenting help,-1
840386782256603136,it would be a great day #tcot #pjnet #ccot #rednationrising #chooselife gen,-1
835208458551066624,been a long day after an even longer night! had a great #bathlifeawards - such an awesome event to be involved with,-1
867729027930488833,the corner,-1
825173000911745025,i'll choose these refugees over fear all day...every day.,-1
