Stance,Tweet
-1,@abelitomiranda ...about the millions of aborted children? Lets fix this too
-1,#NothingMoreAmericanThan unjustified homicide of the unborn in
1,"famous football-playing rapist jameis winston tells elementary school girls to be ""silent"""
-1,@ghhshirley Charged with Manslaughter After Another Woman Dies From
-1,@benjaminswatson at #marchforlife: 'you can change the course of generations' @liveactionnews
1,I would never expect an 11 year old girl to have to carry a pregnancy to term
0,"study‚Äî""supreme court justices get more liberal as they get older"" article here ==&gt;"
0,"just in: #scotus denies stay of execution for taichin preyor, set to be executed by texas tonight."
0,"Hey, #BristolPalin, when Alaska asked you to promote ""wide open spaces,"" pretty sure they were talking about the state."
-1,How much do we really believe in equal rights for all mankind?
0,Thank you @PPact for treating me with kindness & respect & TLC during my wellness exam.
-1,If your agonist abortion get a vasectomy
-1,All babies are a blessing @BristolsBlog thank you for loving what you been preaching
0,this is just amazing!!! what a fantastic woman!
0,retweetwhat grade would you give #trump who has been @potus for 22 weeks
1,teaching #consent starts young.
1,judge neil gorsuch has demonstrated an alarming history of using the courts to interfere with #reprorights &amp; health care.
0,#scotus overrules decision upholding house of delegates redistricting
1,@nosilentsprings And an even worse place from which to make medical decisions FOR OTHER PEOPLE
0,#bodybybob workout today paid homage to the ladies! i love and respect all women. those are the facts!!
-1,tribute to #georgemichael by #marypavese my sister thanks love
1,"Just a reminder, don't take your eyes off #SCOTUS yet #reprohealth is still on the line."
0,Listening to @reggielittlejhn speak about her work leading #WomensRights Without Frontiers. So inspiring! @AUL @JeanneaneMaxon
-1,prayers for everyone at the march for life my wish is that one day the world will respect and appreciate all life
-1,RT @GuyForChrist: God is the author of life and nobody has the right to take it.
-1,you can't say you support women's rights but be against abortion
0,Bad 2 days for #Kansas Conservatives #ksleg @govsambrownback going 0-4 in courts
-1,Why is it illegal to kill an unhatched eagle egg but its legal to kill an unborn human baby?isright
1,"truly disturbing #maleviolence #rapeculture ""your bodies belong to us"""
1,notations! red: not millions yellow: not in 400+ locations across the country
0,Bigger problems 4 #Christians than same sex :
0,"please @senschumer, please block trump's #scotus nominee. don't let them steal the supreme court for a generation. thank you."
0,ten years and more in love than ever!
-1,@DardenMBA As a former fetus I oppose
1,"Your life, your body, your choice."
-1,"We all are sinners, but what right do humans have to kill another human being? Is that what God wanted us to do?"
0,"chief justice roberts realizes he has a conflict, drops out of patent case."
-1,There's no place for selfishness when you talk about a human life. Everyone matters!
-1,@Jizismyname can't wait to see you on @heyqweentv IsMyName
-1,"@BarackObama celebrates ""equality"" while 3000 unborn babies were killed today. Let's talk about a real inequality sir"
0,Help your friend figure out how they're going to get there and where to stay if they need to spend the night
1,@explicit0ceans I don't either. Why would you want to make people have kids? Esp when they're not prepared? Makes no sense.
0,i love this so much #loveislove #lovewins #loveislove #lovewins #loveislove #lovewins @ourswirllife @jackinldn
-1,wonderful to see scottish students at dc's march for life. we are the
-1,"Just like abortion, even though SCOTUS says gay marriage is legal doesn't make it moral."
-1,I am just as much a feminist as any pro-choicer. I simply carry my beliefs to their logical conclusion.
-1,"#rally4life because if they don't want an abortion, then no one can have the choice"
0,"attorney for @mercyformorva speaks to crowd in front of #scotus at #starvin4justice. @governorva, please commute william morva's sentence!"
-1,They were slaying their own souls when they offered up their sons & when they shed the blood of infants.
0,We must provide demonstrated sexual training as a preparation for marriage. From THE COMING WOMAN
-1,"Life, what a beautiful choice. Adoption. Not abortion."
-1,@eilistweets Surprised? A poll sponsored by biased @AmnestyIreland was always going to give a pro-abortion result
1,RT @rxchelredekop: Consenting to sex is not consenting to being pregnant!!! Like!!! No!!!!
0,"don't go home when there's a fascist in the white house. 4pm: , ."
0,women's rights are human rights! @majorityspeaks
-1,@kugrl6 good riddance to millions of black babies? I really hope I'm misunderstanding you
1,"If the fetus isn't inside you, than shut up love"
-1,@LuM1996 @KurtSchlichter #Obama cares more about deserters than unborn babies
-1,@JaxLeSigh @ProWomanChoice u dont know using #NaturalFamilyPlanning will not have the same effect as birth spacing?
-1,.@BuhayIpaglaban perhaps you want to go to the fertility clinics & rescue them all. How many can you fit in your womb.
-1,mt @awakedeborah: fearfully and wonderfully made! by god.
0,"wow. @abc calls a group, that just won a 7-2 decision at #scotus, a ""hate group"""
0,Ever notice how ppl like Cruz who say they love the Constitution are always the ones who want to change it?
0,#FF #Patriot --> PigsWalkUpright. Thanks 4 following back!!
0,breaking: gorsuch is good for corporations but bad for working people‚Äîthat‚Äôs why claire is voting no for :
0,#scotus link of the day: @imillhiser looks at judges said to be on president trump's shortlist of possible nominees
0,@Caleb_Lopez760 it is legal bro and its
0,trump‚Äôs top 4 #scotus picks have 2 major things in common: they‚Äôre all white men &amp; all want to overturn .
1,"while some know him as a rapist, others see him as... a good role model for children?"
-1,The #rally4life shows yet again what little support these people have.
0,Our spirits Live on - thru the FAMILY BLOODLINE - ONCE YOUR Bloodline is Destroyed - U WILL NEVER REINCARNATE AGAIN
0,"Selfish men everywhere: ""#BirthControlHelpedMe cheat on my wife! But she found out anyway & our marriage was destroyed."
0,"@ErikLoomis You're a historian? Of what , malice? Your hatred of her child is astonishing."
0,Excellent 'speed-dating' #ethics discussion today in Yr9 class
0,Watch out for censorship in your news and media!
-1,Abortion is genocide - I don't think you know what genocide means.
1,"@mrprolife You would force a woman to risk her health, sanity, and life, to continue a doomed pregnancy. Against her will. No."
1,#SoProLife they want to force Texans to carry pregnancies that WON'T EVEN PRODUCE LIFE.
0,#lovewins over and over and over and over and over
1,"#rapeculture at baylor - *christian* school whose players, coaches, &amp; staff (incl. pres clinton investigator ken starr) defiled the bible"
-1,@hillaryclinton - I guess this means you're happy for me to be pro-life as I never aborted any of my own children?
-1,"HOW COULD I DIE BEFORE EVEN I BORN,TO YOU I AM JUST TINY LITTLE THING THAT DOESN'T MATTER"
0,.@senschumer and now this from senate dems on
0,am i the only one who thinks this means it's likely to be neither one of them?
-1,"eventually, you have to choose a side:"
1,"Not your uterus, not your choice--from conception on, it really is THAT simple!"
-1,Abortion is legal all nine months in Canada and in some parts of the USA.
-1,"As a man, the only body I should have a say in is my own."
1,"neil gorsuch represents an existential threat to #reprorights, civil rights, workers‚Äô rights &amp; #lgbtq rights. #stopgorsuch @sencorygardner"
1,abortion &amp; contraception = health care. restrictions on #reprorights will take us back to back alleys &amp; unsafe care.
0,words are meant to trigger strong emotional responses as well as to the medical inaccuracies & misogyny..
-1,"Plenty of stem cells without baby smashing, by the way."
0,we can do better.
-1,There should be no law or funding which justifies the murder of innocent life.
-1,Liberals say I need more tolerance. I say screw tolerating murder.
-1,"Life is #precious & so are babies, mothers, & fathers. Please support the sanctity of Human Life. Think"
-1,"Also, abortion is wrong biblically and morally. Imagine never getting a chance to live your life. Think about where you are now."
-1,mt @awakedeborah: fearfully and wonderfully made! by god.
1,When is abortion a responsible choice? When a woman chooses it to be
-1,"The point is BODILY AUTONOMY. A born child can rely on other people, and can LIVE by itself"
-1,"In the aim for equality we have forgotten the most innocent, the smallest, the most precious among us. The unborn."
-1,Can we get a law for the little ones who can't even speak for themselves?
1,this is why we must elect a strong #reprorights gov in november! glad for 2 candidates committed to pp funding. @tomperriello @ralphnortham
-1,it takes a strong woman to !
-1,"@NYCanegirl the premeditated taking of an innocent human life is 1st degree murder, and you know it."
1,pay attention 2 our leaders. demand respect. hyde hurts women. this is unacceptable! #beboldendhyde #reprorights @ppsatwv @aclu_wv @ciera_17
1,.@reptomprice poses a grave threat to #reprorights. tell senators: oppose price as hhs secretary!
-1,"How can someone be calling for abortion in a speech and end it with ""God bless America""?"
-1,EVERYONE has a right and choice of either HEAVEN or HELL.
0,germany will vote on marriage equality friday
-1,We are people who believe every child is entitled to life and liberty.... -@BarackObama Yet abortion is still legal.
-1,I am about to deck these 2 bitches in the fucking mouth.
0,german bishops react against gay #marriage ruling
0,Dude i won a #freeshirt from @abort73 ! I never win anything lol
1,we dispel a bunch of long-held #abortion myths in our latest video. watch:
0,"how do we make it work &amp; stay content? this free booklet has the answers ""muslim #marriage booklet"""
-1,2 ways you can help! islove
1,"#billybush how can you be a husband &amp; a father to a daughter, &amp; not have the ""strength of character"" to shut that shit down!"
0,I wonder if America will like focus on real issues now
0,"How many location-efficient, #affordablehousing units could the NYC metro (pop. 23M) create if it built over all of its cemeteries?"
-1,"@RedAlert -there should be a ""stigma"" to butchering pre-born children - its a horrendous crime against humanity."
-1,not as good as the first one but really enjoyed #trainspotting2 - it got me thinking about a lot of things #chooselife @omniplexd6
1,ohhh... burn!
-1,"RT @ORConservative: @POTUS @Pontifex Everybody but the unborn, right?"
-1,"One, we are pro life Two, a little bit louder Three, I still can't hear you Four, more more moreYouth"
-1,"Equal rights for those 'born that way', no rights for those not yet born."
-1,@laurawrpie @ProWomanChoice d real question is. do u even research d side effects of abortion and contraceptives?
-1,RT @ProLifeYouth: #SCOTUS says they support equality for all. Well what about equality for the unborn?
0,"new poll: 89% of americans ""see protecting religious freedom as a priority"" for the supreme court"
-1,It's time to end the #deathpenalty in the United States.
-1,@notmuchelse Don't get pregnant! Make sure you don't get pregnant if you'd just kill your child if you do! @chooseliferacer
0,#communication and #trust help build a good #relationship. find out more at.
0,protestors are continuing to gather in front of
-1,real image of 5 week old aborted fetus..what the liberals don't want you to see
-1,@UCBerkeley No Such Thing As An Unforced
-1,"#SignsYoureInTheUSA Doc can pull baby 3/4 way out of the womb, stick a knife in its head 2 kill the child & @SCOTUS says its OK"
-1,take a new path_let the unborn live!
-1,Do nothing at all unless you begin with prayer. -St Ephraem the Syrian
-1,#ussenate we want #prolife #budget #now rt
1,pro-life? no you're more pro-birth then after that the baby can support itself!!!
0,"most importantly #womensmarch every #scotus nominee must be blocked until @thedemocrats get back control otherwise it's ""forever"""
1,absolutely. #istandwithpp and will always fight to protect #reprorights and #reprohealth for all.
0,here we go #2017. 22 years and counting
-1,‚Äúabortion doula‚Äù says she provides emotional support to women who kill their children
0,breaking: #scotus asked to review maryland gun ban
1,"@LifeMattersJrnl Once again, whose body do you have a ""right"" to use w/out consent? Still waiting."
0,So ready for my abortion debate
0,gender neutral marriage &amp; adoption laws are now in effect in finland! an important step toward equality‚Äç
1,"created by @joebiden - it's on us ""autocorrect"" psa translates casual conversation to reveal -"
0,high-res periscope from outside
-1,@ghhshirley @WordfactoryQ @LeahNTorres Abortion Workers Charged with Manslaughter After Another Woman Dies From
0,Today the proverbial straw broke the back of America It's just a matter of time We've gone too far...
-1,everyone should have the right to make their own reproductive choices & recieve safe medical treatment without stigma.
0,@MeghanMcCain so because #SCOTUS ruled fors you think everyone just threw their hands up and supported
1,reproductive health needs don't disappear in crises @savethechildren
0,RT @FrCharles: .@giannaberettamo @GiaMolla @sphcs_news Happy feast of St. Gianna Beretta Molla! May she pray for us!
1,Whether someone wants to have children or not should be completely up to the person carrying that pregnancy...
0,oops almost busted for contravening nyc anti-standing legislation
1,i dare y'all to come to @vanswarpedtour and watch us play and tell me that shit is tame. @noiseymusic
0,"#scotus is to obey, defend constitution, not social justice!"
1,"#reprorights are under assault given price, ryan &amp; others, plus #scotus vacancy. glad @nygovcuomo doing this &amp; hope other govs follow suit."
0,. @sencortezmasto @senduckworth: #scotus nom gorsuch refused to meet w/us; might be case for sen @kamalaharris too
-1,We are surprised at #SCOTUS ruling on marriage? Isn't this the the same government agency that legalized murder?
-1,#ProLifeYouth if you are truly a feminist you would be fighting for the woman's life that is in the womb.
0,"@FollowFIDF The Gods #Law, the #Truth, is being #supressed! They thing they are eternal!"
0,au staff members are outside the #scotus saying #nobannowall &amp; #refugeeswelcome! we will continue to stand in solidarity with muslims.
0,@BuckSexton of course we want the Feds to puff puff pass!
1,What about in cases of rape
1,"Like 96% of antis don't care about breathing viable persons, and 100% care about embryos more"
0,#livinthebream podcast: how much would @senmikelee enjoy overturning his brother‚Äôs opinions as a #scotus justice?
0,"@k_yoder That lady needs help, mental illness is a serious issue."
1,"@Snitfit because it's not your baby, body or decision, nor does it effect your life in any way. So it's none of your business."
-1,"I get the whole ""Kill your darlings"" advice, but I feel like an abortionist with all these unfinished stories."
-1,"planned barrenhood , not planned parenthood!! the preborn are human, and abortion is violence- it's science!"
-1,@violencehurts @WomenCanSee The unborn also have rights
0,"i'm finally seeing #wonderwoman tonight (with @vesna25!), and i'm totally wearing my #lovewins pride shirt... because why not?!"
1,"Govt cannot force you to get chemo but if you're a fetus, you must live!"
1,who doesn't love a lil medical autonomy with their pizza?
0,@Scullybones027 And where is @AmnestyIreland ? Nowhere to be seen - cause they only care about
1,.@alidreith explains that missouri is *already* the third most restrictive state in the nation when it comes .
-1,WORLDWIDE R.E. Agents! - Support a ProLife Group (U-choose) at NoCost ProLifeRealEstate@Yahoo.com
-1,Since 1973 the USA has killed (via abortion) over 5 times the number of ppl Hitler is considered responsible for killing
-1,@crazygranny56 More #blacks killed by abortion than during
0,"Every time you respond to something that frustrates you, you let it steal away your time and happiness."
0,"we are at supreme court to protest trump's anti-immigrant, anti-muslim executive orders"
-1,Of mothers advising their daughter's to abort are insane! It's unacceptable!!
1,"#whatwomenwant, on #valentinesday &amp; every day, is respect. respect for our bodies, our #reprorights, and our work at the office &amp; at home."
0,@KC_Football_Guy I am all for focusing on things that matter.
0,"dave is a real man of god. he has given me the liberty to be all that god wants me to be, and he has said, ‚Äúi am your covering.‚Äù"
1,some good news for a change: lawmakers in 18 states are introducing bills to protect #reprorights @kathrynfiona
1,Oh you dont like that Im Pro-choice. Pftt. Dont try to force me to be pro-life. Fuck off
0,fuck the hate #gay #gaylove #lgbt #lgbtq #loveislove #lovewins #gaykiss #cute #goals #kiss #love #gayinsta 2017 ‚Äç
-1,Way to go Mozambique. Thank you for recognizing #Equality We should be allowed to make our own choices.
-1,@HomunculusLoikm @SawyerAndrew @BryanBroome1 @jstines3 I don't think most women enjoy the experience.
0,what makes @grandhotelmi &amp; mackinac island special? here's a glimpse join us in may for celebrate your !
-1,"@Andrea_provida Or another hypocrisy are those who campaign for animal rights but are ""pro choice"" ."
0,If you believe in its power; then pray.
1,this is #rapeculture. this is why women are afraid to walk alone at night. too many people think this type of thing is funny.
-1,"Democrats are always AGAINST ""Personhood"" or what they perceive to be legislation to recognize #Personhood. Always."
0,to all attending @londonlgbtpride from everyone here in edinburgh! happy pride have a beautiful day of diversity!
-1,"Abortion is on the wrong side of history: healers, inventors, artists, your wife, your husband, your best friend, all eliminated."
-1,"#Love does not delight in #evil, but #rejoices in the #truth ~1 Cor 3:6 #Loving requires always speaking truth"
1,judge gorsuch has consistently ruled against #reprorights. learn more about his record on women:
1,"hey, price, we could bring you binders full of women! take action:"
-1,It's undeniable that conception may also be the birth of a soul unto life itself. Why mess with that?
0,if it wasn't for harry all my favorite characters would still be alive
0,"wunderbar! so what's german for ""that's one crossed off the list!""? ‚Äç"
0,#relationship tip: embrace your differences
-1,"all life deserves respect, love, and support."
0,#scotus lifts hold on #trump‚Äôs irrational .
1,women cannot be empowered without reproductive health care access and bodily autonomy.
-1,MT @ProLifePolitics- Senate vote on SC Pain-Capable Unborn Child Protection Act could come as early as Wed. Contact your senators!
0,"@LadySandersfarm love is only love if it's on her terms. Keep your faith in Jesus, He is your Anchor in this storm. Hebrews 6:19"
-1,@Fungirl3part2 repent wen u commit a grave act like murder of a baby did u #abort ur baby?yes? then YOU repent! #hell s 4 eternity
-1,Every human person - is a being of inestimable worth created in the image and likeness of God. -St. JPII
0,There Will Never Be Enough Of Us should be the slogan at
0,89% of abortions occur at the 12th week or before
-1,@UberFacts because that 9% utilized that wonderful gift of choice ( ).
0,"Anti-vaxxers are such an idiotic bunch... Seriously, guys. Vaccinate. Your. Kids."
1,You know what's best for you You know what's best for your happiness You know what's best for your well being
-1,"She has a brain, a heart, and her own unique DNA, not her mother's. She is alive and human. Please don't kill her."
0,@WildChild69 @AnnieJMJ @binghamrk Jesus says to trust him in ALL things not to put trust in men or the world.
-1,today the house of representatives passed hr 7 making the hyde amendment permanent &amp; blocking taxes from funding abortions!
-1,"Im against abortion & i stand by my opinion. No, its NOT just a mass of cells."
0,"Yo if you decide to set yourself on fire cause gays are allowed to be married, that is 100% your choice and I am in support of it"
1,"@SuePalmers @LSDsr Nothing to do with me. It's not my choice, nor is it yours, to dictate what another woman chooses."
0,"i‚Äôm convinced that #45 would not be president if not for colluding with putin. therefore, he has no right to an agenda or ."
0,Today is a great because we are alive.
-1,How the fuNk is Chris Christy a Republican? Oh Yeah hes a RINO
-1,@notmuchelse you want the freedom to murder a baby. Rip them limb by limb. No change in subject by me.Libertarian
0,don't be fooled: #scotus handed trump a big win this week re travel ban.
0,@SenatorLankford just a reminder that you are awful in every way and do not represent me.
1,#foxnews2017 Sick and tired of the #LiberalHypocrisy when those who protest loudest against #RapeCulture also scream loudest to accept it!
0,@PnkGlitterChemE @SayNoToSuicide4 Being #Gay is a #Choice Just like
-1,@prolife_wife You can say that again!
-1,Don't see the big deal about all this
-1,#Humans have taken over the role of -
0,@rosaryrevival Prayers & best wishes for St Catherine of Sienna on Wednesday. Will say #Eastertide Glorious Mysteries as usual.
-1,"mt @prolifeyouth ""i believe in speaking out against abortion since the victims cannot speak for themselves."" gen"
-1,"I was born 4 months premature... I'm perfectly fine, somehow killing babies is legal in this country."
0,"The teen pregnancy rate has declined 51 percent, and the teen birth rate is down 57 percent."
1,"@ShowTruth No, I can't explain why you would consider a medical procedure that leaves the patient healthy & happy as killing."
-1,The sanctity of human life is not a woman's issue.
0,#scotus just laid a solid foundation for #schoolchoice growth.
-1,"Your body belongs to you. It doesn't belong to the church, the state or an embryo."
0,"later today, i‚Äôll stand with @nancypelosi and many colleagues on the steps of #scotus to oppose the refugee ban."
1,@m_lonz @LifeNewsHQ Captors have already been born and are no longer part of the body of a pregnant woman. That's the difference.
-1,PRAYERS FOR BABIES Urgent prayer one in Lexington KY&two in Dallas TX&in Chattanooga TN Life begins at conception
0,one of our favorite #pvris m&amp;g pictures.
-1,Of course an embryo is a person! If it were a puppy there'd be no desire to abort it.
0,perfect fit @realdonaldtrump #scotus @tedcruz
0,Just because it is legal doesn't make it God honoring
0,@thejournal_ie sad this is what has to be done for women in need
-1,@peiacsw please consider the status of preborn girls as the most vulnerable women in society.
0,"Abstinence spokesmodel and brawler, Bristol Palin is pregnant and not at all happy about it. Poor little rich girl!"
-1,Congrats to my friends at @SBAList and @WRTL for their commitment in getting Pain-Capable Act passed.
1,Off to the #clinic this morning. 2015 and we still have to chase away anti-choice nutters harassing our patients.
0,SCOTUS has caused more repression and racism in this nation that any other group of people in America.
-1,I get several requests with petitions to save whales but never to stop the slaughter of babies in the wombs of mothers. .
1,This is the same reason it's sexist that we don't cover women's birth control. Any issue that primarily effects women is ignored
-1,mt @amenditusa: halt this madness_outlaw abortion!
-1,"I think a woman should have the choice of what to do with HER BODY.. But, what do I know? Im only a woman sure"
1,Anti choice laws are sexist because they ignore the fact that men abandon their pregnant partners & those men face no punishment
0,"@CandiesOrg Oops she did it again Bristol is PREGNANT. Candies is a waste. U paid her 400,000 for WHAT? PPL Send ur $ to"
-1,"This is a debate about our understanding of human dignity/what it means to be a member 0 the human family/even tho tiny, powerless."
-1,"Meanwhile, @JustinTrudeau wants to waste your money to kill innocent children in the womb."
1,@paigeymadisonn: 12. something you hate. People who don't believe abortion should be kept safe and sterile.
1,were you taught any of these toxic lessons about ?
-1,a leftist friend from college said i used to be open minded-meaning either i used to agree with her or i had no convictions then
-1,@SenTedCruz Great job on @TODAYshow. #Scotus should have been eliminated 41 years ago when they called for the murder of children.
-1,"So, sorry Bernie Sanders. There are a lot of people that won't get a chance to be people. I had that chance and would like to share"
-1,You will not #silence my message you will not mock my #God you will stop #killing my #generation.youth
0,It's a good day to be alive :) everyone deserves to have the choice to marry the person they love!
-1,"...and said unto them, Suffer the little children to come unto me, & forbid them not: for of such is the kingdom of God. Mk 10:14"
0,actually it has increased and it makes me happy that i'm able to advocate a #positive message to our generation!
1,"how to educate about abortion: a guide for peer educators, trainers and teachers: @ippf"
1,trump intends to fill #scotus w/far right ideologues like #gorsuch in an attempt to overturn roevwade. #reprorights must be protected. 14/
0,@AdamMyerson @quarq - Sent mine two days ago. Expect it back in two days. Quick turnaround and great customer service!
0,@ArkBuilder17 we may disagree but I love ya man I don't want hard feelings
1,24hr sit-in to support #plannedparenthood &amp; oppose #trumpcare. come on down 2 the fed building reno!
-1,mt @amenditusa: we the people end abortion america!
-1,@ToddPuckett1 we discussed how Business calculates risk factors. Drew was attacking #SpaceX inferring life is at risk. I invoked
0,#williampryor posing nude for gay mag now as judge and potential #scotus candidate wants to criminalize gay sex.
-1,@wendydavis Pray?? You want me to PRAY that abortions and dangerous facilities remain unchecked??
0,love always wins #nikpas #marriage #love @bettinazagnoli @filippala pascal_horbach @ sala‚Ä¶
0,Roe v Wade prevented the biggest crime spree predicted in U.S. history. The guns were there; the criminals weren't.
-1,"Messed up: Being outraged that it's legal to distribute images of abortion, but being fine with abortion being legal."
1,@jelani9 it shouldn't take 50women to come forward to have 1 of them be believed.
0,Please pray for mercy for &
-1,RT @rob_mcarthur: @JustinTrudeau try joining the millions of slaughtered unborn CHILDREN robbed of their right to choose.
-1,@notmuchelse And the unborn ARE human lives completely human & alive from conception. Abortion KILLS
1,She* knows what's best for her* happiness & her* body
-1,PRAYERS FOR BABIES Urgent prayer in Detroit MI ...two in San Diego CA&one in San Antonio Life begins at conception
1,They know what's best for their safety.
0,"today, keep your fists up high and continue to fight for lgbtq rights. stand tall! here's how:"
-1,Pro Choice? Just choose to kill yourself after your baby is born.
-1,"For he who avenges blood remembers, he does not ignore the cry of the afflicted. ~ Ps 9:12"
-1,"@BuhayIpaglaban @blueskies366 The culture of death is ""#prolife"" who deny pregnant people healthcare."
0,"o most sacred heart of jesus, dwell in our hearts. may husbands &amp; wives love each other."
0,ffrf documents #pryor‚Äôs ‚Äòdisastrous‚Äô record; critiques trump #scotus pool - see more at:
-1,The world is waking up to the fact that killing babies is wrong. No matter what.
0,"@nytimes while you are at it, eliminate all drugs, cars, planes, food, electricity, and anything else that MAY cause a death."
1,@BernieSanders if men were the ones that got preganant this would be a non issue in America
1,and thank you @maggie_hassan for standing up for !
1,What a great day to argue the benefits of making abortion legal
-1,@JaxLeSigh @ProWomanChoice ur not aware that using #NaturalFamilyPlanning will have d same effect as birth spacing?
-1,"Does a #pregnant #woman have 2 heads, 2 hearts, 4 arms, and 4 legs?"
1,@AsaSoltan putting abortion in with choices for women just won my heart over. Yaaaaaas!
-1,#POTUS seals his legacy w/ 1/2 doz wins. The #GOP agenda? STILL!! Repeal #Gun laws & #Obamacare Ban Access 2
1,@tooprettyclub Are you OK with #GOP males telling you what you can and can't do with your own body?
-1,it was epic! #trainspottinglive #chooselife #5stars fan shot with sick boy @ artsdepot
0,"make a decision on where you will focus your time and energy. partner with love, not fear and doubt!"
-1,@notmuchelse Then make sure Udon't get pregnant. And don't KILL your child if you do! You are the mom RESPONSIBLE 4child's life!
0,@EmilyBeaulieu1 maybe that's what he wants
-1,Where's the most dangerous place for a child? In the hands of an ISIS terrorist? Almost. Inside their mother's womb
0,Equality in the states is a nice step forward to a better America.
-1,@POTUS if every child matters regardless of skin color? why do we as a nation continuously keep aborting them?
-1,"Justice Breyer et al think injections into arms of killers is heinous. No word on acidic saline executing unborn babies, however."
-1,@notmuchelse It is no less your child before or after birth. One continuum of life.
-1,"we're going to see @lifebanduk tonight @roughtradenotts and if u know what's good for you, so will you!"
-1,"Compromising on #sin gets easier as time goes on. Oh yeah, it didn't just start! #sexual-impurity"
1,"Not all women want to have or bear children, and that is okay"
1,U know what isn't funny? Male politicians deciding what women should do with their body's.
0,tips for becoming more patient with your #spouse to create a happier
-1,RT @GrumpyOldGuy2: #DebbieWashermanSchultz the woman has a voice the doctor has a voice. Who speaks for the baby? I'm just askin.
1,I cannot believe there are still people in this century who opposed to women having rights over their own bodies!
-1,Was at the planned parenthood protest in #fitchburg today with the image of Our Lady of America
-1,When Laws are passed by SCOTUS that defy a Gods laws it is always the children who suffer. God bless the children.
0,Like how can you sit there and even go through with the process
-1,bbc news - terry gobanga: 'i was gang-raped on my wedding day'
1,"countries like the us, russia &amp; guyana worked to weaken other governments‚Äô resolve said @skowalski of"
-1,"#ThingsYouDontSayAsAPolitician: ""I'm personally opposed to #abortion, but..."" Abortion is WRONG. Period. youth"
-1,@HillaryClinton Don't you mean to say (all children deserve the same chances) except the UNBORN CHILDREN?
-1,"When Declaration of Independence was adopted, abortion was illegal in all 13 colonies."
0,"make america safe again: #scotus unanimously approved #potus travel ban, which takes effect for 90 days"
1,#republican men think it's the government's job to make doctors withhold medical information from women.
0,Undergirding every important issue today is this: what is truth?
-1,"When you abort a baby, you don't just abort one person ...you abort generations."
1,first anti #reprorights bill is up. #hb2962 is part of a wave of bills ultimately aimed to deny texans abortion care.
-1,"RT @createdequalorg: ""We're all human, aren't we? Every human life is worth the same, and worth saving."" -J.K. Rowling ..."
1,on air: a conversation with @kholofelo_masha &amp; @mmatshilo on #rapeculture in #southafrica. @genderlinks @genderprotocol @menengageafrica
1,i continue to be proud of my city!
-1,"There is something very sinister, NAZI-esque, about folks who support killing babies."
-1,It's time to be a #voice for the #voiceless. Stand up for the !
1,"yes, grammar! that &amp; #fascism, white supremacy, #racism, #elitism, #islamaphobia, #homophobia, #misogyny, #chauvinism, #rapeculture ...etc."
-1,@Esmerald_Kiczek Rock on girl! We all know .
0,"""this land is your land, this land is my land"""
0,can't wait to perform at @vallartapride 2017!
-1,RT @RogerIsCatholic: Save the Baby Humans!
-1,These dems' lack of compassion for unborn babies who receive prenatal diagnoses is appalling
-1,"Life Fact: At just 9 weeks into a pregnancy, a baby begins to sigh and yawn."
-1,gop to #defundplannedparenthood in #obamacare repeal
-1,.@giannaberettamo @GiaMolla @sphcs_news Happy feast of St. Gianna Beretta Molla! May she pray for us!
0,Obama Administration sends 5.6 million dollars to
-1,"Sweat, killed and cut up his victim, extreme deadbeat parents do the same to innocent babies by abortion,"
-1,yooo! i did not see this coming...
0,ldf‚Äôs @christinaswarns recently argued before #scotus in the racially charged death penalty case of #duanebuck &amp; won
-1,Happy July 4th- freedom day! Let liberty ring out!
0,"@JustinTrudeau, how do you plan 2 endorse @PEILiberalParty @WadePEILiberal who'd not b able 2 run 4 fed @liberal_party?"
0,it's not that i don't want to be at work. it's that i rather be asleep.
-1,"Why would I want to make choices about my own body, when a congressman could do it for me?"
-1,"@BuhayIpaglaban @blueskies366 thank you again to show that you are AGAINST CONTRACEPTION. ""#Prolife"" = a code word for ."
0,mt @cleverfounder: confirm gorsuch @senatedems! judge with stellar record. #scotus asset!
0,"@BBCNewshour ""if u had been my wife I would have blow your head off."" Yep, that sound like"
1,We live in a world where people care more about religious rights than consent & reproductive rights....
1, iswhen people excuse sexualising children and blame the child for said sexualisation.
0,Someone snitched on the mom having sex with and playing naked twister with teens. I bet it was her Cock blocking ass children.
0,"on a side note, just because you think smtg is wrong, doesn't mean everyone else have to live accd to your beliefs.. ^^"
-1,"Why would a mother advice her daughter to abort?? Shame, responsibility, but truly is that the best advice??"
0,The only solution I see against the #POTUS #SCOTUS #Tyranny is
-1,"Good morning Patriots, let us continue to Pray for this great Nation and the #UnBorn on this great day God has given us!!"
-1,catholic university students march as witnesses to life at
-1,The #right to #life should be the #first among #humanrights -Pope Francisyouthgen
-1,"@glennbeck I would like to see poll: How many abortion doctors have told a woman ""No, an abortion is not required in your case."
1,I wonder if #antichoice ever wonder if the pregnant #teen they denied accurate #SexED to could have been the one to cure cancer.
-1,@GBPstaff 1999 Meet the Press admitted to being Very Pro-Choice even with late term & Partial Birth Abortions. He's sick!
0,'feeling love' .. my response to hate ... available now.
-1,@bethanyshondark do you mean Bristol? She was just being honest about her feelings - many can relate - hope they choose life too!
-1,.@speakerryan is living that thug life. we will !
0,@kilcurry in those hospitals that signed up to the legislation.
-1,"DEAR PROABORTS: Using BAD grammar and FILTHY language and INTIMIDATION makes you look ignorant, inept and desperate."
-1,There weren't any volunteers outside abortion clinic when she had her abortion bcs there aren't enough of us. Can you join us? 2/2
-1,#life giving democracy in action from the #prolifegen because #itsnot1899 and we believe in #realchoice #qldpol @timnichollsmp
1,".@DRUDGE_REPORT not sure I agree with her decision but, it is her decision.I wonder how many of the critics would support abortion?"
0,"@GregAbbott_TX when did God define anything? Right, you are just a bigot trying to stick to your closed-minded agenda."
1,"How can you be ""against abortion"" and also want to take away all the free birth control clinics for the poor? How?"
0,@Docjp Pressure? It's their job and they are failing miserably at keeping the promises they made.
-1,best thing i will probably see at #cpac2017. taking @ppact head on.
-1,ever wonder where pregnant women and their families would go when planned parenthood is defunded?
1,"#womenwearwhite to honor american woman suffragists at #jointsession as a pledge to fight for #equalpay, #reprorights, etc. |"
-1,"RT @OurBrother1: ""A nation that kills its own children has no future.(On Abortion) ~Bl. John Paul II"
1,i'm all for unity. i'm not for unity at the cost of going backwards on #reprorights as a core tenet of progressive values.
0,To run outside? To run inside?
-1,"If 'tis not human beings in the womb, how do we harvest and transplant their organs onto human beings?"
-1,A #person's value is not determined by his .
1,@LogicOfLife7 I don't think I have a right to use someone else's body without consent. Do you?
-1,the no-holds-barred production of trainspotting is here this thurs-sat. for more information:
-1,"@toby_dorena Any pregnancy can turn deadly at any time, without warning. I can't force that on someone."
0,@SaculSacul @GVPrayerWarrior No guarantee she will be destroyed I trust God.
-1,@WomanMDsGuide I thought they wanted less unwed mommas and less abortion.
0,@knowj @kalenjordan @benmarks @MageTalk not ashamed to say it's me. I'm not in favor of enc itself as not banning enc modules.
-1,They haven't eliminated #murder. They just call it by a different .
0,marriage equality passes in germany. so proud! ‚Äç
0,trump says he'll make his supreme court announcement tuesday at 8 p.m.
0,Meme on like it's the last Reddit thread on Earth.
1,"I'm pro choice for if you want to kill living babies, go right ahead."
-1,Abortion IS NOT a political issue it is a MORAL issue.
-1,let us #pray together now for the unborn
0,"clayton and i are going bowling tonight for our date night and he just emailed me saying ""bowling is going to be so lit tonight"""
-1,edinburgh. half an hour to survive before getting a wee habit
1,People with a uterus can be pro choice. People who have been pregnant can be pro choice. People who lost a child can be prochoice
0,Changing the cis-nomative atmosphere is difficult.
0,i can't wait!! i hope ü§ûit's someone so conservative lefties implode!! fake tears ahead!!
0,Now the matter of abortion comes next.
1,It's a free country. Freedom includes freedom of choice.
-1,"@LifeNewsHQ I would consider this, to be dispersal of a chemical weapon, one that kills children."
-1,"People go nuts on the #Onepercent, yet their fine with 0.0000023% of the population deciding their fate on , ,"
0,Gov Brownback visits cities in #Kansas 2 sign new
1,that moment when an anti-choice protester invades your space because you're a woman he wants to silence
0,"at 6p on #specialreport @bretbaier: a preview of the battle over @realdonaldtrump's #scotus pick, w/ @senschumer and leonard leo of @fedsoc"
1,"very pertinent message by @joebiden esp2 #youngmen against #sexualassault, ending #rapeculture, stop #lockerroomtalk &amp; act 2makethishappen"
0,retweetwhat grade would u give #cnn who has top news for many years
-1,Idiot: how would you feel if your mom aborted you? Me: nothing cause I would be fucking dead.
1,"As good a time as any to say: when too many men are adjudicating on women's reproductive systems, the results are never good"
-1,a savage attack didn't stop them from attending the #marchforlife. : : @fox5dc : @nicedeb
-1,Before I formed you in the #womb I knew you.
0,i especiallythe weekends when my husband doesn't have to work!
0,Great college training in Stevens Point today!gen
1,Only one can have bodily autonomy
-1,Why are Tumblr feminists so territorial? Pro-lifers can't even voice their opinions without being attacked.
-1,@momo_sandiego @grnlakegirl @hmgivingsoul @suziday123 @lifewithjohn @jenniferpilates @always5star @pismoeyedoc @eatlivetraveldr @cattmccreary @gary_hensel @lorimoreno @rockyourmessage now is the only time that truly exist...its the only place you could ever be!!! so why not life
-1,Murdering an unborn child is the crudest form of contraception!
0,are you happy with #trump's pick for the supreme court?
0,"@paradiselost_17 @ArguDaz @Brainman365 @PolarVan @yetigcreature Yes, an occasional hypocrite. I support #MarriageEquaility & abhor"
0,I'm so glad this is Not My Home!
-1,The day that love will truly win is the day that the injustice known as abortion is abolished.
0,i found myself very emotional at #londoneuston #train #station today ‚Ä¶
0,I can think of a thousand things more important than Keith Olbermann.
-1,"You have a #God given right to #live. And of all places, inside your #mother. -Phil Robertsonyouthgen"
0,"#otd 36 years ago #gop president ronald reagan @ronaldreagan40 nominated the first woman, sandra day o‚Äôconnor @oconnorhouse, to the"
1,murderers and theocrats at the #womensmarch by @amazingatheist
0,"with no fanfare or acknowledgment of his blocked #scotus nomination, judge merrick garland went back on the bench"
0,convention of states can overturn the supreme court and stop federal agencies like the epa from making laws:
0,new #livinthebream podcast: which potential trump #scotus pick is raising eyebrows over transgender decision?
0,starting the year right.
-1,"So you're at the #rally4life? Tell me more about how #antichoice laws kill 47,000 women A YEAR! Very ""#prolife"" uh?"
-1,"@irritatedwoman I don't know about you, but I didn't vote for the GOP to capitulate to the Dems."
-1,@notmuchelse But of course today one doesn't have to be responsible You can kill your child instead!
1,"Breda O'Brien strikes again, why can't people just allow the woman who is carrying the 'child' to make her own decisions"
0,@FoxNews @BristolsBlog Not possible. #BristolPalin doesn't believe in
-1,more to come from this great day!
-1,Before we go looking for #life on other #planets we should #stop #killing life on this one.
-1,"Some babies die by chance, none should die by choice!"
0,@Hannah_Warren14 that much more oppressive for women
0,.@potus could and should (and i pray will) put merrick garland onto #scotus during ‚Äòintersession recess‚Äô tomorrow.
-1,"Leftist, Progressives love 2lie & claim they believe in God, but if they do they would never support"
-1,#BlackLivesMatter unless they are pre born black lives then they don't matter
1,"RT @pari_passu: Dear Religious Right: I keep my uterus out of your church, so keep your church out my uterus."
-1,the british pregnancy advice centre want more late-term abortions in scotland.
-1, bravo!! there are other options for young mothers than .
-1,"A pregnancy, planned or unplanned, brings spouses,families & everyone closer to each other. #Life is beautiful!"
-1,"RT @ProLifeYouth: ""It seems to me clear as daylight that abortion would be a crime."" -Ghandi"
-1,Let's agree that it's not ok to kill a 7lbs baby in the uterus @DWStweets #DNC #Clinton2016 @HillaryforIA
-1,#usbishopsforlife are here to celebrate mass with the #prolifegen! #mass4life #istand 4life
1,‚Äúthere‚Äôs no health care reason‚Äù behind #txlege senate bill 8. #sb8 is cruel and unnecessary.
-1,@sinnfeinireland SinnFein voted to kill unborn sick children
0,@RyanDeloosh only if u want me to smash ur head through a solid wall made of steel each time u say it then shore honay
0,what's the point of a #scotus announcement during primetime other than a sick obsession with tv and ratings?
0,"(3/3) So when @AUL tells you MLK was #prolife, they're lying. (Their gullible followers r likely just misinformed)."
0,only $0.99 on pastor sally gives practical and valuable advice! @sallypoyzer
1,Anti choice laws only effect women. People don't care about things that don't effect men
0,How ironic is it that im sitting in @PPact & swiping on @Tinder right now?
-1,one day.... you will wish you had me
0,"@kingstonpolice @ShowTruth ""Freedom of Expression? Does that mean that I can display pornography in public if I am against it?"
-1,"Dear to who it may concern;""YOU stand up for my right to live."
0,"if you're still on the fence about getting married, #makeyourmove this month and trust in god's support for completing your faith."
0,@AndySwan lol. I don't know about that.
-1,"Well now that marriage is out of the way we can focus on abolishing abortion, stoping the murders of unborn children"
-1,Looking forward to the protest today. I can't be there long but I hope my signs will.
-1,"The idea that a ""fetus"" isn't human is outrageous, I mean what else would it be? A dog? A dragon? The unborn are HUMAN BEINGS!"
-1,"@enilk1988: @Chris_1791 @Doodisgirl thought it was just tissue"""
-1,".@ChadCottle From 1.4 million/yr to 1.1 million/yr. The ONLY way to make them decline to <5,000/yr is by making abortion criminal"
-1,"if there¬ís a heartbeat, there¬ís life. national"
-1,#DonRients: people aren't just killed by guns. 9 people died and that's sad. But how many die daily from ?
-1,absolutely. i gladly join #virginia mourning lives lost to abortion.
-1,RT @StMotherTheresa: ...anything that destroys God's gift of motherhood destroys His most precious gift to women
-1,"@charulife And I explained that they are in the keep your baby business, as they helped me get Medicaid and WIC."
0,‚Äúthe supreme court sets a new precedent on the death penalty and disability‚Äù by @lollardfish
0,great news! #scotus has declined to hear an appeal by texas seeking to revive the state's strict voter id law.
1,Praise to District Court Judge Larry Hendricks for blocking that ridiculous anti-abortion law in Kansas
-1,#PeoplesDebate Better every child born out of marriage + every mothers get #loneparents allowance than there be a single
-1,"mt @amenditusa: new mood,new plan. let america decide!"
-1,Solidarity with all at the counter #rally4life - Ireland won't be equal until women have full control of our bodies
0,"wow all these people r so upset over 1 Black Man killed, what would they do if they knew about BlackKids killed by"
1,@MarthaPlimpton It's not Monday on Twitter until some right wing troll sends me a video of an abortion
-1,Thanks @Jeffrey_Addison Kudos to @VolvoCarsAus for caring about the safety of unborn children
-1,manchester! @march4lifeuk
1,important dc projection event tonight by @upsettingrape / disclose / luminous intervention
0,love is love is love is love! #lovewins congratulations germany!!!!! ‚Äç‚Äç‚Äç‚Äç‚Äç
0,"Today, AB 775 passed out of Committee on Judiciary 3-7. We will let you know how to help!"
-1,Equal pay for equal work? YES. Freedom from the fear of rape and sexual objectification? YES. The 'right' to abort? NO.
-1,The Constitution of Kenya 2010 is clear that abortion on demand is illegal.
-1,"#Hillary, Here's one Christian whose religion views will never ""adapt"" to include abortion. Abortion is murder."
-1,we've got students and community members going through the @swadvocates training today!
0,"RT @Singerman2000: Government has exceeded its necessary size, scope and reach into the lives of its citizens. ..."
0,7 #bollywood movies where the heroine's #marriage was already fixed when she met the #hero! @iamsrk @akshaykumar
-1,"@Cody_Fulk92 @ntfem @brettzawesome Actually, child-murder is far worse these days. We live in more savage times."
-1,I support @GovMikeHuckabee because I want to see Planned Parenthood gone.
0,"thank you @senjeffmerkley for promising to block whatever walking horror show ""@potus*"" nominates for #scotus tmw"
0,Last meeting of the year tonight! 7:00 pm in Case Hall room 334A. Come one come all! Pizza and pop will be provided!
-1,The government has not been able to point to any improved health outcomes for women
-1,@NBCLA #SB128 isn't opposed merely b/c it's against God's will (as if we're neanderthals). It's murder. Like
0,"during #theobamayears, for the 1st time ever, the little sisters of the poor had to go to #scotus to protect their first amendment rights."
-1,#Florida AttorneyGeneralBondi files appeal after Judge grants ACLU request to temporarily halt new law requiring 24hr wait before
1,@ShowTruth YOU CAN'T HANDLE THE TRUTH! People will always do it no matter the laws.
-1,"Woman's Heartbreaking Letter to Father of Baby She Aborted: ""I'm So Very Sorry - LifeNews. Please pray for the men hurt by abortion"
-1,Next time just keep the baby
-1,"congratulations @students4lifehq on your 10 year anniversary and your 1,000+ campus groups."
-1,Thr r no rights w/o responsibilities. The rt 2 bodily autonomy comes w/ the responsibility 2 care 4 1's unborn child
1,Forced reproduction is a human rights violation.
0,But isn't that the problem then. Not enough faith.
-1,I truly believe that #BlackLivesMatter and that's why I'm against Planned Parenthood.
0,‚Äúnever stop courting your spouse.‚Äù ~ frank sonnenberg @fsonnenberg
-1,For great is thy mercy toward me; & thou hast delivered my soul from an evil place. Amen
0,one country at a time we achieve justice for everyone
1,‚Äúmy college told me if i spoke about my rape they‚Äôd punish me for ‚Äòretaliation.‚Äô‚Äù
-1,#ProLifeYouth know that human life in the womb is as valuable as human life outside the womb.
1,RT @gbforchoice: When is abortion a responsible choice? When a woman chooses it to be
-1,"I'm a woman who cannot conceive, and I proudly beg you to reconsider killing what I'd die for."
-1,"you have to live with that murder I am speechless with rage , hurt and complete disgust.Finding it V.hard to hold my tongue here"
-1,"wow ""which two would we not know?"" amazing testimony. ex. of how doctors are not always right, which is why we put trust in him!"
-1,A much needed 3 days with these guys @rory3burke @Im_Brady missed @JimmahTwittah but what a weekend
-1,"The same people that demand gov stay out of their vaginas, demand that gov legitimize their same sex bedrooms! Curious."
-1,"How can I continue to say ""God bless America"" when this country continues to approve and glorify things in opposition to Him?"
0,@vandergraafly Keep up the good work! They are nutters
-1,I love how #liberals only accuse #conservatives of war on women when we don't want to fund
1,"@LogicOfLife7 No one is advocating ""punishment"". Would you force ppl to give birth against their wills?"
0,Joining us in studio is Amos and Josh on Music and Career with Kobi Kihara
1,"Basically this documentary is ""You kill babies so we're going to kill you"" Lol the irony of pro-lifers."
0,"‚Äúlet the wife make the husband glad to come home, and let him make her sorry to see him leave.‚Äù martin luther"
0,congratulations germany for passing #marriageequality what great news this is so happy for you
-1,It is so much fun having younger friends who are expecting babies.
1,norway pledges $10 million to counter trump's global anti-abortion move
0,@agbecerra example #501569 of how important it is to have a @potus who nominates #scotus judges that defend the #2a (11/11 )
0,visit
-1,FYI: Unborn babies diagnosed with a disability in the womb can feel pain just as much as a baby without a diagnosis
-1,Societies that put to death the weak and vulnerable are more violent.
0,my #newplay #sovereignty about #cherokeenation's victory in #scotus and #andrewjackson's trail of tears is in @arenastage's 2017/18 season!
1,Coming from a female that was taken away the ability to have children. I still believe women should have the ability to choose.
1,"happy birthday, @gloriasteinem! your activism shows us how to be bold in our fight for gender equality &amp; ."
-1,@ghhshirley Abortion Workers Charged with Manslaughter After Another Woman Dies From
-1,interesting input about discrimination.
0,do a random act of #kindness today! #joytrain #kindness #bekind #bethelight #spiritjunkie #lovewins rt @taraladue
0,one requires the australian constitution to be changed (#republic) the other is an act of law (#marriage equality)
-1,defend life. every life is a gift from god. that message from our lady of peace family.
-1,@WhiteHouse @POTUS All children except the millions that have been aborted
-1,"We can be the generation that ends abortion. I don't care whose toes we step on or who we offend, it's time to put an end to"
1,If it's getting old maybe you should stop calling embryos & fetuses babies.
0,antonin scalia on why supreme court picks are so hotly contested now.
0,we rolled deep at #scotus today.
-1,"Now that the govt and The Supremes have saved the gays, maybe they will save the babies next."
1,#shedecides initiative brings opportunities for all #women &amp; #girls in #moldova to have their #reprorights fulfilled. rt if you agree!
-1,Abortion is not contraception. Contraception is about preventing pregnancy. Abortion is terminating a life.
-1,It is a poverty to decided that a child must die so that you may live as you wish. -Mother Teresa
-1,@ConnectCatholic The justification of abortion is rooted in selfishness & fear & they come from lack of faith & self centeredness
-1,with margaret colin at
0,ty @potus @realdonaldtrump for again giving recognition to our great italian-american justice antonin scalia of the #scotus at
0,"@BristolsBlog second out of wedlock pregnancy and you don't want a lecture, you just want to give them? STUNNNG."
0,sign says it all. from rally in front of .
-1,@BruvverEccles @Telegraph @David_Cameron I despair! I want grandchildren or are they a 'luxury item'
-1,"@torontopigsave horrendous, keep on doing what your doing"
-1,win this war_revoke license to kill!
0,Follow #Patriot --> @MsMistiNichole. Thanks for following back!!
-1,What about the equal rights of unborn humans in which about 1% could grow up to be LGBT? @SCOTUS
1,"""dshs admits the amendments have no health benefits and ‚Ä¶ induced no health problems."""
-1,Since #roevwade 1/3 of my #generation has been #aborted. Where were their #rights?youthgen
-1,@djred678 : My views are my own. #AllLivesMatter #PrebornLivesMatter #AbortionIsViolence #Whyi'mNotVotingForHillary
-1,@StevenErtelt @GM_GXPfan My wife had an abortion when she was young She regrets it to this day
0,#marriage summed up in one pic... top shelf: mine bottom shelf: hers
-1,Patient advocate Stephen Casey of Texas Center for Defense of Life strongly supports .
0,"marriage is not weddings and hand-holding selfies, it is dedication, loyalty, and admiration."
0,"@CoraSherlock @NORTHANNE @fdelond you Cora ignore that IRE export the 'problem',to UK @MarieStopes"
-1,WH: Motherhood's a Wage Penalty. So we pay em to have kids & we pay em to kill premature babies. WTF's point here libs?
1,"tough, fierce words: ‚Äúblundering men‚Äù‚Ä¶‚Äùsanctimonious zealots‚Äù bring suffering&amp;death: #reprorights ths @nickkristof"
-1,A nation that kills its own children is a nation without hope. -Pope Saint John Paul II
-1,"@PrevailChris Sexual Assault is Epidemic.. Not just in Military, Colleges, Universities. Fight 2 Stop this Crime=Less Need 4"
-1,Just laid down the law on abortion in my bioethics class.
-1,That's like being into cannibalism but against abortion.comparing being against eggs but loving chicken.
0,They may need to figure out how to get out of school or work that day.
0,"my #scotus prediction is judge hardiman. approved 95-0 in 2003, hard conservative, pro-gun &amp; most importantly, rec'd by trump's sister."
0,".@senwarren live outside #scotus: ""trump is trying to chip away at our democracy. we'll fight him in court, in congress &amp; in the streets."""
-1,congratulations to michael knox (left) who took first place at ohio right to life's annual youth oratory contest!
-1,Both Democrats and #IslamicState murder by dismemberment. The only difference is the age of their victims.
0,@emrata did u become a lib before or after u made it in Hollywood?
-1,from the archives: guest post by katherine marple @keeplifelegal
-1,day 20 @30daysofbiking marked in a very special way. thx tyler
0,"in a direct contradiction to @senschumer, @vp calls on senate democrats to cooperate with @realdonaldtrump's administration on #scotus nom"
-1,@notmuchelse Giving birth is not pushing women toward death.
0,#Liberals don't realize they conceded the debate. Now - per Shaw - we are just going to haggle over price.
0,#bristolpalin is more proof that #abstinence only education doesn't work. Affordable access to contraception
1,‚Äúprofessors &amp; staff arrested for trading in child rape‚Äù by @lorihandrahan2
1,Today I am grateful to have the right to control my body without govt influence. #antichoice leaders want to stop this.
-1,pd sid @polscotdogs &amp; @cluedupproject presented to our choices for life youth group tonight helping raise awareness about drugs
-1,"In #scotus majority opinion, substitute abortion for capital punishment, and you have the opinion for the Texas clinic case."
-1,"@MikeDury And don't forget, now ""Private clubs"" and organizations. AKA ~> &"
-1,Why are we all here? Because all of our mothers granted us the gift of life and did not abort us. All life has value.
-1,So can unborn children have rights now?
-1,"C7German: Heaven is our Goal, life is our conquest"
0,"@web_rant No, it shows that liberals should start thinking about the consequences of their actions"
-1,today let us give witness to life from the moment of conception to natural death - a gift bestowed by god! #marchforlife #chooselife! +sja
0,"not false. filling a #scotus vacancy was a responsibility, not a campaign promise kept."
1,Americans clearly support family planning. Cutting Title X is wrong
-1,only jesus can heal the pain of .
0,@AnnaLoMLA one step forward in the right direction
-1,@UberFacts because a good percent utilized that wonderful gift of choice ( ).
-1,The HHS contraceptive mandate has been challenged in #SCOUTS 6 times and has lost 6 times.
-1,Re Last: I can't get past this...why must abortion providers dismember a fetus alive? That just sounds...hideously inhumane.
0,mr. &amp; mrs. east
-1,A woman who deliberately destroys a fetus is answerable for murder.-St. Basil the Great
1,Antis don't care because the only people the laws are hurting are females and they don't care about things that don't effect men
-1,Life is our first and most basic human right.
1,"if you're a vegetarian you don't eat meat, but you don't demand that meat is taken off all the menus."
0,What is it that makes the human race behave in an undignified way to gain attention?
0,Everyone who disagrees has always had the right to mind their own damn business!!!!
-1,abortion clinics... back alleys with a profit center and air conditioning?
0,hey @senatortester: our freedom is on the line. vote to #confirmgorsuch to the supreme court!
0,#scotus just laid a solid foundation for #schoolchoice growth.
-1,If you want #Equality then let ALL the babies live!!
0,the biggest hypocrite!! republicans seek to steal a seat on the supreme court...
0,"#SupremeCourt is on a roll this week, did they just discover #coffee or something??"
-1,"@BuhayIpaglaban @_msthirdward @blueskies366 ""Natural"" family planning isn't ""planning"" at all since it just doesn't work."
0,Women have outgrown the common housewife stigma long ago
0,"@kilcurry he is still waiting for an answer, instead of wealding his authority to put a stop to it and disobey the government."
1,"#SB724 passes Sen. Judiciary Cmte.This bill is an effort to shame women out of their personal, private medical decision to have an"
-1,"@umich Unjustified homicide should ALWAYS be illegal, including"
-1,check out our latest t-shirt in our online store. what do you think? kind of western-y?
-1,RT @DogsOfGod: I will fight for the unborn!
-1,The right to #choose? Thats a #lie! #babies don't choose to #die! Prolifeyouthgen
0,i-gay... madrid is ready to celebrate world pride! i-am here... where will you be?
1,very telling that you assume #saytheirnames will lead to false accusations. you are predisposed to believing women are lying.
1,"during his 20 yrs in the senate, jeff sessions cast 87 votes on abortion &amp; other #reprorights issues. 86 of them were anti-choice."
1,"you'll #standwithpp if you actually care about access to health care, @realdonaldtrump. @ppact"
0,'Snarck' - a snarky hack who puts down ordinary folk who dares question their pontifical commentaries
-1,A bundle of cells feels more pain than a fully grown women? no.
1,today a&amp;b launch a campaign to fund taking #abortionrights for women from #ni to the ecthr
0,.@mike_pence will be sworn in using pres. reagan's bible‚Äîturned to ii chron. 7:14. oath administered by #scotus justice clarence thomas.
-1,this morning 27 buses traveled from @ny_arch to d.c. for the @marchforlife!
-1,PRAYERS FOR BABIES Three babies in urgent need of prayer and intervention in Dallas TX And another in Montgomery AL
0,"yes indeed. certainly our lord did not say ‚Äúblessed are those who write my name on their guns, or speak my name as they fire them‚Äù"
0,#scotus seeks to clarify the concept of ‚Äúfree appropriate public education‚Äù for disabled students at public schools.
-1,If being in a mother's womb isn't safe I guess neither are churches; specifically black ones
-1,@JonathaASwift @TomAdams9999 They are BOTH alive & human from conception Just earlier phase of life's continuum! @chooseliferacer
-1,"@_msthirdward @BuhayIpaglaban @blueskies366 It's never been about ""life"" has it? ""#Prolife"" are OK with women dying."
0,.@JohnTory since when did Toronto become a weak city? Bullied by stone-age cab companies that block traffic illegally.
-1,mt @humancoalition: i chose not to view your life as optional.
0,fuck the haters #gay #gaylove #lgbt #lgbtq islove wins 2017
-1,"Thanks for gently spoken truth, @DanaPerino ! How DO we as a nation ""protect the innocent""?"
1,"Oh look!!! So not only are antichoice strongly against pregnant people's human rights, they're also homophobic. Shocker. (Not)"
1,Bernadette Smyth is an ignorant thunder cunt. Not her life. Not her body. Not her business.
1,"@ShowTruth No. It's absurd to refer to healthcare that saves pregnant people's lives as ""killing."
0,icymi: #marriageequality formally signed into law in germany!
-1,Hey Megan--a baby's heart starts beating at 21 days after conception. No time is the right time to end its life!!
-1,I'll always put all my focus and energy toward keeping people alive instead of deciding who gets to marry.
-1,new #prolife law in arizona. gov signs law to protect babies born alive after abortion. | |
0,How can a kingdom founded in violence long control the vice that brought it n2 existence? <-- commentary on Judges9 @BarackObama
-1,"""i regret my abortion."" her sign speaks the loudest. can we make it even louder."
-1,@seattlestorm time to boycott the storm and wnba
-1,"#DefentThe8th? Why would I defend something that kills people? Remember #Savita, killed by Irish ""#prolife"" laws?"
0,"mccaskill says gorsuch ‚Äúalways puts the little guy under the boot of corporations."" says she'll filibuster"
-1,I am 1 in 3... I have had an abortion
-1,"do your job, #media cover the #marchforlife in washington on friday!"
1,don't miss @colemanwildcat4 talking to @teenvogue about @divadaisy2015's sexual assault &amp; #rapeculture. cc @safe_bae
0,the supreme court will have a long legacy after #trump`s gone. 2 more judges will seal the deal.
0,your voice shouldn't depend on the size of your wallet‚Äîor the color of your skin. trump's #scotus pick disagrees.
-1,"off to see @sickboyt2 @trainspottinghq @t2updates @t2trainspotting again tonight. twice in two days, it really is that good"
0,@mistyaiya Just saw your review of @chadkultgen's book at Amazon. I have to say I totally agree with you. A sick marketing ploy.
-1,choose progress #wrestling 2
-1,There's a gray area when it comes to abortion. We discuss the #legal & #ethical #dilemmas that #doctors & #patients face regarding
0,#rain announces #marriage plans with girlfriend
0,"wife: ""you can't hoover up wet food from the floor!"" me: ""i think you're confusing the words 'can't' and 'shouldn't'."
-1,You were alive for up to 9 months before you were bornKills
-1," Mary, Help of Christians persecuted everywhere, pray for us!"
-1,@VeronicaCoffin @Fingersflying the irony of Margaret Sanger wanting to rid the world of blacks.
1,alcohol doesn‚Äôt cause rape. perpetrators do. @janetribune
0,breaking #scotus news from #aspen: #gorsuch actually is a corporation! @timeforallofus
1,Do you know anything about the right of bodily autonomy? Describe it then if you don't think the fetus takes it away from her
0,surround yourself with !!!
0,dear @team_barrowman &amp; @scottmale: wishing you &amp; all your loved ones a very #happynewyear may all your hopes &amp; dreams come true
-1,"Pregnancy is not a crisis. It's a gift. Whether they be wanted by you or someone else, no child is unwanted."
-1,"Without #life, the right to liberty and the pursuit of happiness aren't possible."
0,"deep-seated cultural codes, religious beliefs and structural biases have to be changed No, @HillaryClinton now what?"
-1,Equal rights for all @SCOTUS? Except for the unborn??
-1,@oXGodLessXo @Canuckle_head @Atheist_Roo @atxbantamathy /gags Dat face.
0,#BlackLivesMatter Protesters wd'rather spray paint #Confederate symbols than concern themselves w/ Millions of Black Lives Lost to
1,So unfortunate #thebriefcase @cbs. Adoption isn't always the answer.
0,congratulations!! @martinorourke14 finally!! really happy for you both!
0,the law is what we make it and #scotus needs to step it up. lower courts have had the right idea in the eyes of history.
-1,@OnlineForLife thank you for the way you beautifully communicate the pro-life message. You all consistently blow me away.
0,at #scotus w some of the @theccr crew for ziglar v. abbasi
1,It very simple .. Let women choose..
-1,It should never ever be legal to have an abortion because murder is wrong & #AbortionIsMurder not #healthcare . We Must .
0,"with just 1,373 days until americans vote in the 2020 election, responsible thing to do is wait until then to consider any #scotus nominee."
0,finland's parliament confirms same-sex marriage law via @huffpostuk
-1,It's sad to see so many people getting their values from Hollywood rather than the Holy Scriptures.
-1,"Why do you cry when a dog dies in a movie, but it doesn't seem to phase you that so many babies die because of abortion?"
0,RT @modernwerewolf: Why doesn't anyone congratulate me for NOT getting knocked up? Throw me a damn shower
-1,RT DavidHarris707: MathewsJeanne Thank you 4 your very #kind RT. God Bless You #Patriot. #babies matter
0,"The people who never spoke up against the Nazis during World War II were likely ""live and let live "" people."
-1,If being a mother's womb isn't safe I guess neither are churches; specifically black ones
-1,.@RebeccahLouise I'm not forcing anyone to do anything. Abortion is not 'medical help' & there are better options. Very proud to be
-1,"Call me an #extremist, but I think #dismembering babies is wrong.youthgen"
-1,RT @Esmerald_Kiczek: Children are the greatest blessing which God has bestowed on man and woman. -Pope Francis
0,judicial watch continues fight against maryland gerrymandering at #scotus via @judicialwatch
0,the first ever @iwpride was a huge success! we're so thrilled to see this fab article in the @huffington &gt;
-1,#populationcontrol = controlling the incoming generations. that's why there's .
-1,happy birthday @gregesplin! no doubt melbourne will show you a f'ing great time.
0,Yes. Antis just don't make sense.
0,@NoMoreTeaForMe He said he would do it if he weren't a Christian. So he's also a coward.
-1,"Canada's legal definition of ""human being"" is based on 17th century science. It's time for an update."
0,@forrest_grump Large parts of it were difficult to write so I can't imagine having to read the fucking thing.
-1,A prochoice advocate but circumcise ur baby? Fucking hypocrite!
-1,@denisemourges @RepThomasMassie I know! I'm the only perfect :-) candidate.
-1,flashback to this week in 2013 with #lifechangers @catelynnlowell &amp; @tylerbaltierra speaking up for life!
-1,@Independent_ie No one has 5he right to tell any person what they should do with their body
-1,RT alvedaking: The most disturbing thing we to this planet is to flood our streets with the #blood of #children from ...
0,brothers &amp; sisters @wearefest @worksoppride @londonlgbtpride @sparkleweekend @ukblackpride @ukpridenetwork
-1,great to see the #prolifegen in action! @lifesite
0,@j6fras same but I got hated for it.
-1,Planned Parenthood lines its pockets while sacrificing women and children in need at the altar of abortion.
1,@AYoungJFK it was her choice Mark!
0,just watched #thestoryofyes exactly what was needed to start the new year! 2017 mantra =
1,great speech #pinkout day! t/u .@pattymurray for all you do!!
0,Terrible golf last couple days! Goes down on the notes as one of these
1,Adding to the progress of this week the Supreme Court is also allowing Texas abortion clinics to stay open!
-1,@ProWomanChoice forcing women to change their body's normal function is the epitome of controlling women.
1,"It's not #yourbody, so it's not your #choice.youthgen"
1,what do #reprorights look like in your state? check out the new @naral report and find out!
-1,@DarkTechMonitor @Colonel_Ted @chrisgeidner Ginsburg already supports the death penalty..i.e.
-1,I've noticed that everybody that is for Abortion has already been born-Ronald Reagan
0,No ones fenna die from this heat on my watch.
-1,pro-choice woman recounts ‚Äúemotionally scary and dangerous‚Äù experience with abortion pill:
-1,You support #abortion? Never had an abortion? You'll still have to give account to your Creator for the taking of innocent life.
1,If my body is the only way you can live and I don't want that I have the right to dismiss you. I don't know why that's a problem
1,"@southee93 ""drunk girls"" can't consent. do your homework. #block #consent #rapeculture @collectiveshout @svccork @rachelintheoc"
0,Monk's Hobbit is back in Twitter.
1,.@maggie_hassan is a champion for #reprorights. we need her now more than ever in the senate!
0,. @drmoore explains why religious liberty is essential for our societies.
-1,If it's not a person then why do women get invitro? To have a gold fish?
-1,"Abortion does not make you un-pregnant, it makes you the mother of a dead child.isright"
0,Obamcare loses again in the Supreme Court. Religious freedom win.
-1,I refuse to stop praying for an end to abortion.
1,RT @PinkGypsySoul: The single most important factor for women's advancement in society is our ability to control our fertility.
-1,Demand the Senate vote to ban painful late-term abortions. Use your voice to help hold the Senate accountable.
1,Today I am grateful for the #reproductiverights that allow so many families to escape poverty.
0,here at #scotus to add our voice to the chorus of
0,@abc13houston Don't Let Obama Control Your Actions. Progressives have destroyed the Black Community
-1,celebrating #adoption day with my girl. lots of shopping &amp; lunch! remember adoption is always an option.
1,Would you rather have women taking dangerous concoctions to induce abortions or know they are getting a safe & legal one?
0,@madisonfletch_ but it's ok. at least it's only yo your hand that smells like dick
1,thanks @meehancarolanne &amp; @1310news for chatting w/ us about ottawa's anti-abortion flag &amp; protesters
1,i aggressively worked to ensure pregnancy centers inform women of their #reprorights &amp; proudly #standwithpp‚Äì#losangeles city atty mike feuer
0,Time to make a change in my boxing style can u say @GGGBoxing style but still be great on my defense
1,waiting to speak with our ny state senators on the importance of the ccca and !
0,"@CrushTheCFR Yes, heard you the first 500 times you tweeted SIX kids. she is probably also"
0,spread the love! it's #nfpweek #livethelove #joyfulmarriage 49th anniv. of humanae vitae
0,constitutional scholar. i saw him argue before the #scotus when i was covering scotus. brilliant jurist. it's a religious test.
0,@tonylee01979 make their own decisions doesn't mean you need to harass me . Goodbye now.
-1,Do to others whatever you would have them do to you. This is the law and the prophets. Mt 7:12
0,@shaniaajaee I still love you no matter who you love
-1,I had a word with some of the antiabortion protestors. Calmer after buying bi pride colour yarn for a friend & I. Haberdashery <3
1,Kudos to the mentality that believes people who are dumb enough to not use protection are 'mature enough' to take care of a baby.
-1,mt @patrioticgirl86: keep me safe lord from the hands of the wicked.
-1,@sassy_gramma Good point but Our heart starts beating 22 days after conception we are alive at conception.
1,At the Mass. State House again tomorrow for Planned Parenthood's Sexual Health Lobby Day
1,What doesn't reduce abortions: -Making it illegal What does: -Sex education -Caring about the pregnant person...
-1,"because noah tried to be born early, the drs said he could be blind, deaf, &amp; lungs might not be developed. what a blessing he is!"
0,"#potus: #scotus holds: #firstamendment protects ""vehement, caustic, and sometimes unpleasantly sharp attacks on government . . .officials.‚Äù"
-1,"If you aren't responsible enough to take care of a baby, why are you having unprotected sex?"
-1,@SenSchumer You sponsored the religious freedom bill. What is this bill that allows killing full term babies in NY?
0,the queer dance party in front of mike pence's new home happened last night
0,dear trans people: we are here for you. we stand with you. this is not normal.
1,"@TheFullBug Dehumanizing? Why are you dehumanizing the pregnant person? They're more than walking incubators, and have rights!"
-1,@JaxLeSigh Evidence proves that morbidity & mortality rates of legal abortion r a lot higher dan carrying pregnancy 2 term
-1,mt @patrioticgirl86: the greatest destroyer of love and peace is abortion.
0,On my way to Sweden! @LETAccess
0,rt if you love this! love wins always!
0,yesyesyesyesyes we finally made it!! i'm crying ‚Äç
-1,The answer to a #crisis #pregnancy is to eliminate the crisis not the #child.youthgen
1,let's stand with our northern irish sisters. please ask your mp to support #mypledgeherchoice for equal access to abortion
-1,AntiChoice laws say women can't make their own decisions
0, ‚Äç‚Äç ‚Äç‚Äç ‚Äç happy pride everyone! ‚Äç ‚Äç‚Äç ‚Äç‚Äç +
0,@Anti_Fox_News @MannyMooncup @lexinelli @MattSears4 @FactsVsOpinion Hypocrisy: saying #LoveWins while supporting
0,"as the 1st potus, george washington‚Äîelected otd 1789‚Äîfilled the entire federal judiciary. here's his 1st batch of #scotus appointees."
-1,Does the Gay Community support Abortion?
-1,"How dare you say my sexual preference is a choice, how dare you say dismembering my preborn isn't."
-1,It hurts my 2 C ppl more offended over a flag/symbol than deaths/abortions of millions of innocent children!
1,Dear #BristolPalin. STOP. Just FUCKING STOP. You have choices. It's called #abortion. Take it or leave it but quit whining.
-1,RT @alvedaking: The most disturbing thing we to this planet is to flood our streets with the #blood of #children from ...
0,"#Abstinence proponent #BristolPalin, pregnant with second child, conceives of ."
-1,what being a mother has taught me about abortion:
-1,I do not want to bring a child into this dangerous patriarchy. But I want to feel pregnancy as an experience
1,jesus christ this is disgusting.
0,we keep working on our relationships so that it gets to the point where eye-contact says more than words.
-1,it's coming! #resistance2017 #interninvasion @createdequalorg gen
-1,@usweekly I doubt she was clothed with anything when that pregnancy occurred.
0,this was sent in by one of our group members on holiday in america. what a lovely prayer from the diocese of superior @cathherald
1,I will visit PEI when all women can get a lawful medical abortion on the island.
0,being a wife of a pastor is hard. educate yourself on the issues:
-1,.@my_ccu students participate in @students4lifehq chalk for life day! @mikaylemarie
1,@Fredindimuli yes he has an opinion but the choice should be in the hands of the women You know the person directly affected?
-1,U.S. Fed law does nothing to prevent killing of pre-born children even up til sec of birth or seriously address root causes of
-1,@helenantanova Turning it into a racial thing kek
0,"accept the challenge! read about it, link below"
1,icymi: victim-blaming newspaper headline highlights need for better media training
1,reminder: this wed. we will hold a tele-town hall discussion about #reprorights. don't miss out!
0,I'm really pissed off by vaccines mandates. It's not ok to force parents to inject their kids when there might be consequences.
1,"a table full of men deciding women's health?? and now trump wants a lifetime seat for a nominee hostile to #reprorights. oh yea, !"
0,"today #scotus reviews ""appropriate"" edu benefits for disabled children; @ahoweblogger previews endrew v douglas cnty"
-1,I just unfollowed someone because they tweeted about being pro-life
0,1.2% of abortions happen at 21 weeks+ (these are only exceptions)
0,"@AlietaEck ""Courage isn't living without fear. Courage is being scared to death and doing the right thing anyway!"""
-1,"guilt, fear, despair, anger, discontent-is the flesh worth it? love, joy, peace: the rewards of christ"
-1,I'll celebrate #IndependenceDay when EVERYONE in this country is equally free & not living in fear & poverty!
-1,Pro-Choice is meaningless. Say what you mean. You stand for the right to choose to kill.
0,Part of our celebration will be dancing our butts off to a LGBTQIA pride inspired playlist. What songs should we add to our list?
-1,"Abortion has nothing to do with feminism. Its about the BABYS body, not yours.isright"
0,i-i-i can go anywhere *plays reading rainbow theme song*
0,"@charlescwcooke @HillaryClinton Once they're born, that is."
-1,RT @dave_gosh: Im Prolife and Abortion has and will always be taking a life! ...
1,"suspension hopefully, that's disgusting"
1,proud to co-sponsor sen @karenspilka @repkatehogan's #patchact to ensure access to #reprohealth services
-1,@nice_euna As much as they try the notion of ts the 21st century its killing a lot.....
0,we stood in front of #scotus today for access to safe and legal abortion care!
-1,"@gvandersee 100,000 (estimated) ozzie abortions of vulnerable, unwanted ""unlife"" right there. Value & Respect life."
-1,mt @patriotjewelusa: help save most innocent among us!
1,Anti-choice laws are entirely men controlling women
0,4 tips on #marriage for my son-in-law
-1,like i really need to walk past a bunch of aborted babies to get into the union. get out of my peripheral
0,"one german translation of my last name is 'mountain that blows,' so i'm squeamish about my kraut roots. but not today!"
1,"Yep. RT: ""Defunding PP won't mean fewer abortions. It will mean more dead women. """
1,"I don't plan on ever having an abortion, but here's the thing ...I don't think anyone ever PLANS on it."
-1,Abortionists and their supporters are the REAL misogynists!
-1,Even the #smallest #person can change the course of the #future.youthgen
-1, ICCPR report does not cite any reasons for the changes in the legislation regulating. macedonia law
0,read #scotus justice clarence thomas in imprimis:
1,I just want to sit in a corner and cry. I wish I was a thicker-skinned feminist but this shit is personal!
-1,"so proud of @izzy__g, mr. brashier and all the @sba_socialmedia for outstanding job! #prolifegen #istand4life @march_for_life"
0,Follow #Patriot --> @Enuffis2Much. Thanks for following back!!
0,#scotus strictly interprets three-year time limit for filing section 11 claims
-1,Need a ProLife R.E. Agent? - Support a ProLife Group (U-choose) at NoCost ProLifeRealEstate@Yahoo.com
0,Good Friday morning #patriots. Make it ur best one ever. #Smile all day long.
0,lifeboatcoffee Thanks for the follow! Done with SB and other companies on the left. All about
-1,If #BlackLivesMatter why not black babies in the womb? Somehow their lives don't matter.... puzzled with that one.
0,"as they threaten this nation with a possible #scotus nominee who will try to reverse roe v. wade, we're gonna protect it in the state of ny."
0,website marks 25th anniversary of thomas joining scotus--‚Äòone of our greatest thinkers on the court‚Äô
1,"#read: ‚Äúland of the raped, home of the rapists‚Äù by @sonofbaldwin"
-1,"In so many ways, to so many people around the world, America really IS the ""Great Satan"""
0,@LifeNewsHQ What could have happened in her past to make her the cruel & frighteningly hard-hearted woman she is?
-1,"Why do people think it's ok to get an abortion... What the fuck is wrong with you? What if your mom aborted you, you sick fuck!"
0,do you spend more in cares to animals than in charity?
-1,"@saadoescatholic: #Americans have the right to #life #liberty and the #pursuitofhappiness, so why dont #unborn Americans?"
-1,"If the Pope gave a flying fuck about the poor on his home continent, he'd let them have abortion and birth control."
-1,One day I'm gonna set an abortion clinic on fire. Anyone wanna join?
0,We're at a moment where we need the kind of intergenerational dialogue that RBG brings @irin @AspenInstitute Spotlight:Health
-1,the reality of abortion~ you killed your baby!
-1,"#Mozambique's new penal code takes effect on Wednesday containing several significant new elements,including #decriminalisation of"
-1,"@WildChild69 No, U want 2 limit the doctor's choice & force him/her to help w/ abortions. I want to protect life & human dignity."
-1,"well done, !"
-1,I can tell women what to do with their bodies
-1,happiness is acceptance.
-1,@BuhayIpaglaban Bullshit multiplied by bullshit is still bullshit.
0,Like ya'll can try and push your views on me anyway but I will remain
0,@notmuchelse & purely physical enjoyment with no responsibility attached
1,@jerrybrowngov tells the ca people he will defend health care and defend planned parenthood.
0,You know what's best You know what's best for your well being You know what's best for your life...
-1,Still waiting for Libs to explain how the premeditated murder of a premature baby is reproductive healthcare.
-1,"@BuhayIpaglaban So you've blown right past the whole ""women stopped dying after RvW"" thing."
-1,"A person's a person, no matter how small. - Dr. Suess"
-1,Mzwakhe mbuli says doctors & nurses are paid assassins.. they kill unborn babies & give it a fancy name
-1,True progressives work toward greater inclusion and protections for the marginalized. Standing up for the unborn is progressive!
1,@pattyarquette this article is classic #victimblaming #rapeculture 101
0,work together with your husband/wife to have the kind of #marriage that makes your kids want to grow up &amp; get married someday.
0,"breaking‚Äî #scotus refuses to hear the texas #voterid case . . . for now. the case may return to the high court, says chief justice."
-1,"because it is settled that [abortion] is constitutional, it necessarily follows that there must be a means of carrying it out."
1,"A needed, safe medical procedure is available to women. Unfortunately, RW men say they should make women's decisions. Sad, huh?"
-1,Since now the LGBT community received equal rights now it's time to give equal rights to the unborn community!
-1,hi @edinburghcityfc - we got a little inspired by the trainspotting kit video
1,@actualepafacts can you put this back up on your wall? it shows who you really are.
-1,SCOTUS at it again! Blocks Texas from enforcing part of new abortion law! We have to stop killing babies!
-1,Rise & Shine its a new day & you're alive. Thank God 4 another day of precious life.
-1,"respect, equality, justice: it begins with valuing life in the womb:"
-1,mt @karee_news: you can do something try to touch hardened hearts and
-1,@bradfischetti just wanted to say that I appreciate the pro life stance. A lot of celebrities are afraid to show a bold stance
0,"@seanhannity definitely, the appointment of #justicegorsuch to #scotus! so thankful!"
-1,U don't have to be a religious to be pro-life. All u have to believe is that every life is sacred
1,I #DenounceHarper for refusing to include family planning in foreign aid even though spending $1 could save $6
1,"@ProLifeLiberty Yes, your reasoning is horrible. We were talking about abortion, not death."
1,"@kfadich Every sperm is apparently sacred, and entitled to use of someone's body."
-1,this #catholic university has suspended a #prolife lecturer for opposing #abortion @lifenewshq
0,"why did trump move the #scotus pick announcement from thursday to tuesday: ""because he wanted to."""
1,"nytimes: ""she was 14 going on 35."" ignoring is proof of"
-1,#life is never the wrong choice. for real help &amp; #support visit
-1,"@WildChild69 Now you are not even sense. And, once again, abortion is not healthcare. With every abortion at least one human lies."
1,want immediate updates on how to take action &amp; fight for #reprorights? sign up for naral alerts ‚Üí
-1,this is not just once a year! a movement is coming! a generation is coming!
-1,"I feel the greatest destroyer of peace today is 'Abortion',... Mother Teresa"
-1,victory! maine defeats dangerous bill to legalize assisted suicide
-1,@AnneJp1946 I have no problem with birth control but their you go with that free thing again. So your solution is murder good idea
-1,@BuhayIpaglaban @_msthirdward @laurawrpie Who defends murder here? I haven't heard anyone defending the killing of human beings.
0,"FACT: 17% of today's population is equivalent to residents in New York, Florida, and Pennsylvania. Where's the outrage for this?"
0,"germany passes #marriage equality law. dutch mfa koenders: ‚Äòwunderbar! congratulations germany, another victory for equality.‚Äô"
1,#sex is not a sport in which women are the other team. @xtotl on #masculinity &amp;
1,@Stuart1927 @GoodCounselNet Thank goodness politicians saw sense and recognised women's rights over their own bodies.
1,trump's only been president for a week and already #reprorights are under a greater threat than they've ever faced.
0,the left's trouble history with #scotus continues ‚Üì
0,"the lcc will be lit in honour of @prideldnfest, celebrating diversity, unity, and pride in !"
0,same sex marriage is now legal in finland as of today
0,my ex-husband used #religion as an excuse to abuse me -
-1,"@explicit0ceans whoa whoa whoa. I don't care about you having sex, but when you're pregnant, there's another life involved."
-1,"Preach! 'Black Sheriff Says if #BlackLivesMatter, They'd Protest at Abortion Clinics'."
-1,"#ProLifeYouth have no chill, and we're dang proud of it. Human rights injustices should never be treated lightly."
-1,"@NARAL @TIME At the same time, this decision ISN'T always a difficult one. Don't let #antichoice guilt-trip people."
0,#scotus overturns an order by district judge derrick watson of honolulu to allow @potus to restrict refugees.
0,i will be joining @housedemocrats and @senatedems at #scotus to protest @potus' #muslimban. follow along on #snapchat at repcheri.
0,there is no shame in being unapologetically you! there is beauty in owning the power of authenticity!
-1,a letter to people of #life! rt by #lawrencefox gen youth
-1,@toby_dorena I am in favor of women's rights and their right to choose. How I chose is irrelevant to others
-1,We must love our neighbor as being made in the image of God and as an object of His love. ~ Saint Vincent de Paul
-1,"@BuhayIpaglaban @blueskies366 Remember that there is no ""murder"" involed in . I am #ProContraception for LESS ."
-1,Every1 needs 2 c @Rick_Reyna & @rallysforchrist's movie #TheRallyLA. It's life transforming.
-1,CPCs in this town of 5000: 2.
-1,such an amazing experience with all my sisters
-1,@Niall250 good thing is that #DUP have consistently said ALL murder was + is wrong. SF were pro murder...still are.
-1,Pretend I'm a #tree and #save me. -babies everywhereyouthgen
-1,wow! the ladies 80s night has sold out. well done if you got a ticket. see you there!
0,@MichestBlogSpot: Postinor is popularly used for?
0,"Any asshat ""protesting"" against #SofiaVergara is a disgrace to the entire Women's Rights movement. Live and let live."
-1,@Stephen_C_Ward What are they doing with acid signs oh yeah their all tripping
-1,"#trainspottinglive - anarchic, confronting &amp; poignant. go see it!"
-1,Pray for the Navy yard. God please keep the casualties minimal.
1,Like the govt. is literally taking away your right to live your own life by defunding right now
-1,"Put into perspective: Est 32,000 rape-caused pregnancies/yr = 22x less than est 730,000 abortions/yr."
0,a supreme court pick is promised. a political brawl is certain.
1,People aren't 'pro-life' they're 'pro-birth'. When a mother can't provide what happens then?
1,we won't stop fighting for
0,Praying for that innocent lady. She's a victim too. I hope the execution will not proceed.
-1,"Jesus loves the children of the world, the born and the unborn.Youth"
1,get ready for a fight - all of trump's potential supreme court picks would be dangerous for .
1,Assaulting & manipulating pregnant people doesn't reduce
0,"instead of wasting energy fighting, try creating a new space that allows for other points of view. then savor it like a fine wine."
0,Being a Democrat is never having to say you're sorry...
1,@politicspizza @RebeccahLouise @ProLifeYouth women being independent and making their own CHOICES
-1,life is winning because of all of you! @mike_pence
1,"""the rights of both women and transgender people are under assault"" @dianatourjee"
-1,"high school pro-life student: ""planned parenthood, you're done."" #prolifegen this is the generation that will defund pp!"
0,the queer dance party in front of mike pence's new home happened last night and it was glorious
-1,@AMLiveNTV: its morally wrong. Life is sacred and only the giver and its onlyHim alone that should take it#HaveYourSay is on
-1,A nation that kills it's own children is a nation without hope. -Pope Saint John Paul II
1,People who have never had an abortion can be prochoice. People with a uterus can be prochoice. People who never want kids can be
-1,#prolifegen news: the one where missy almost vomited
-1,If u come 2 this country 4 bettwr life fucking adapt 2 USA WAYS
0,"imagine the person you're in a haram relationship with, will talk against you on the day of judgement. get married."
-1,I really don't understand how some people are Pro-Choice. A life is a life no matter if it's 2 weeks old or 20 years old.
-1,"Damn, interesting news when you find out you were almost a product of abortion"
-1,You can't kill someone cause you claim you made a mistake. If true nobody would go to jail for killing their spouse.
0,let's start w/ fact that you are 100% wrong according to :
1,i just donated (and coerced the boyfriend into donating)! you should too.
-1,If it isn't a #human life then why does @PPFA have a problem with us?youth
-1,Abortion laws should be designed to make it harder to get an abortion. Abortion is murder!
-1,UB Students for Life and @createdequalorg are currently on North Campus by the Student Union speaking out against
-1,"Hillary wants to be a champion for women, unless they're unborn."
1,15yrs old and this girl will carry that with her a lifetime. 40 ppl watching do nothing. profoundly sick world we live in.
-1,this #chooselife sign isn't even some kind of fucked up marketing campaign for #trainspotting2‚Äî which opens in theaters today in the uk!
-1,I will fight for the unborn!
0,a new #scotus decision could change everything for school choice @dailysignal
0,#lovewins always
-1,#PeoplesDebate Juvenile hysterics from that woman. Killing babies is bodily autonomy? People dying of neglect but lets have
0,i am signing onto @repzoelofgren's bill to reverse #trump‚Äôs misguided orders barring #immigrants and #refugees. will be at #scotus at 6pm.
0,Woah the hashtag puts the rainbow heart itself there that's weird
0,the first rule of ruth bader ginsburg's #scotus basement fight club: do not talk about ruth bader ginsburg's #scotus basement fight club.
-1,@prolife_wife Yup. The women in the womb are as precious as those who are outside of it.
0,antonin scalia on why supreme court picks are so hotly contested now.
-1,I am Nazi Holocaust survivor and I say that Abortion is America's Holocaust! -Sibylle Heidrich von Campe
-1,"Not sure where I stand on God and religion. Still, don't need to be a Christian or religious to be against abortion."
0,very clear before the 2016 elections that fate of #scotus for generation depended on outcome via @tpm
-1,this generation will end the evil of abortion.
1,"after a&amp;b @uksupremecourt battle, amazing to read govt accept ""direct implications for equality in treatment of women fr ni"""
0,"""our will to kill leaves us unable to turn to god"" -walter wink -- join us monday and tuesday at #scotus. let's end the death penalty!--"
0,@smalldoctor15: What is postinor popularly used for?
0,off to find me a handsome german! ......
-1,Those who wonder what they would have done had they lived at the time of some terrible injustice now know the answer -P. Hitchens
0,hold on justice ruth! help is on the way!
-1,"Dear #SCOTUS, now that you deemed it constitutional to ""defend the rights of ALL people,"" can we get a ruling to abolish abortion?"
1,"Yea, let's make a woman suffer 18 years and raise a child with an unfit parent who hates it because of ""morality""."
0,@marcmaron @amyschumer @JuddApatow Are you a triceratops or tricerabottom?
0,"'what are you doing with those planes?' says the wife, implying they need tidying away. 'invading france' i say ..."
0,"at the end of the day, nonok wins. go nonok!"
0,what wisdom can #judaism offer to the young couple embarking on a modern #marriage? @rabbiwolpe has some tips.
0,@BaronTrader @DynaMoChen Margret Sangers Looking a little rough!!!!
-1,RT @NYS4Life: RT if you're ready to help us defeat #AssistedSuicidelike we defeated !
-1,been a long day after an even longer night! had a great #bathlifeawards - such an awesome event to be involved with
0,proposed guidance 2 implement the #scotus #muslimban order is deeply troubling &amp; excludes those w/connections to us.
1,Good thing I don't live in Kingston woulda started a riot by now with this 'pro-life' protest
1,Pro-Choice=Pro-Life. Anti-Choice=Anti-Life. Don't play righteous when you're advocating the endangerment of women.
-1,". . . abortion is not self-defense, shooting the rapist is Kittington"
-1,"In 1776 we killed the conservatives, freed ourselves from that crap ."
-1,@TheReadClub He who wears the shoes knows where it hurts but I'm Pro-life.
1,@__HisKindaCrazy @_QueenTacoBell @thumperbunny88 Abortion is NOT illegal and I would never judge a woman for making that choice.
-1,if truth is a micro aggression 2 the left Why is name calling by the left not a mega hypocrisy?
1,@Catniptwoshoes @hoursofChaos @bindelj if men could get pregnant things would change pretty quickly!
0,"@beckaviau @MikeRedmondNDP duh.... Planned pregnancy around election date, new fad. Get with the times."
0,.@theamirali on the #trump admin #muslimban guidance issued in response to last week's #scotus ruling @shalltakecare
0,"@senatemajldr and worst of all, you've refused to hold a simple hearing on obama's moderate #scotus nom since february. @smshow"
-1,The right to control one's body is not a license to kill.Youth
0,"#elb: breaking: court issues order on remedy in wi partisan gerrymandering case, teeing up issue for #scotus review"
-1,People don't care about things that don't effect men which is the same reason it's sexist we don't cover birth control
1,"What a great 7 days to be an American, especially a Texan."
-1,"in the media - @mailonline: ""mother with disabled son calls for curb on abortion law"""
0,Another SCOTUS decision I do not agree with. It's time to do away with the death penalty all together.
-1,our #trainspottinglive tour is in full swing starting our london leg at @artsdepot tonight! then on to the @brightonfringe
-1,"mt @amenditusa: new mood,new plan. let america decide!"
0,president @realdonaldtrump's leading pick for the supreme court presents a grave threat to secularism
